delivery_id,service_date,kitchen_id,school_id,meals_dispatched,meals_received
D0901S001,2026-09-01,K01,S001,620,611
D0901S005,2026-09-01,K01,S005,844,842
D0901S009,2026-09-01,K01,S009,694,679
D0901S002,2026-09-01,K02,S002,979,963
D0901S006,2026-09-01,K02,S006,1029,1015
D0901S010,2026-09-01,K02,S010,573,562
D0901S003,2026-09-01,K03,S003,985,977
D0901S007,2026-09-01,K03,S007,616,612
D0901S011,2026-09-01,K03,S011,902,901
D0901S004,2026-09-01,K04,S004,735,721
D0901S008,2026-09-01,K04,S008,881,877
D0901S012,2026-09-01,K04,S012,1037,1026
D0902S001,2026-09-02,K01,S001,625,624
D0902S005,2026-09-02,K01,S005,850,833
D0902S009,2026-09-02,K01,S009,699,691
D0902S002,2026-09-02,K02,S002,1080,1077
D0902S006,2026-09-02,K02,S006,1135,1129
D0902S010,2026-09-02,K02,S010,632,624
D0902S003,2026-09-02,K03,S003,866,853
D0902S007,2026-09-02,K03,S007,542,530
D0902S011,2026-09-02,K03,S011,793,777
D0902S004,2026-09-02,K04,S004,877,872
D0902S008,2026-09-02,K04,S008,1051,1035
D0902S012,2026-09-02,K04,S012,1237,1231
D0903S001,2026-09-03,K01,S001,604,596
D0903S005,2026-09-03,K01,S005,822,820
D0903S009,2026-09-03,K01,S009,676,664
D0903S002,2026-09-03,K02,S002,950,938
D0903S006,2026-09-03,K02,S006,999,983
D0903S010,2026-09-03,K02,S010,556,549
D0903S003,2026-09-03,K03,S003,990,989
D0903S007,2026-09-03,K03,S007,620,615
D0903S011,2026-09-03,K03,S011,906,893
D0903S004,2026-09-03,K04,S004,855,849
D0903S008,2026-09-03,K04,S008,1025,1009
D0903S012,2026-09-03,K04,S012,1207,1202
D0904S001,2026-09-04,K01,S001,615,601
D0904S005,2026-09-04,K01,S005,837,834
D0904S009,2026-09-04,K01,S009,688,674
D0904S002,2026-09-04,K02,S002,1000,989
D0904S006,2026-09-04,K02,S006,1051,1043
D0904S010,2026-09-04,K02,S010,585,573
D0904S003,2026-09-04,K03,S003,979,970
D0904S007,2026-09-04,K03,S007,613,603
D0904S011,2026-09-04,K03,S011,896,896
D0904S004,2026-09-04,K04,S004,720,708
D0904S008,2026-09-04,K04,S008,863,852
D0904S012,2026-09-04,K04,S012,1016,1008
D0905S001,2026-09-05,K01,S001,557,547
D0905S005,2026-09-05,K01,S005,758,747
D0905S009,2026-09-05,K01,S009,623,613
D0905S002,2026-09-05,K02,S002,1010,1005
D0905S006,2026-09-05,K02,S006,1062,1052
D0905S010,2026-09-05,K02,S010,591,591
D0905S003,2026-09-05,K03,S003,968,964
D0905S007,2026-09-05,K03,S007,606,599
D0905S011,2026-09-05,K03,S011,886,869
D0905S004,2026-09-05,K04,S004,779,778
D0905S008,2026-09-05,K04,S008,933,918
D0905S012,2026-09-05,K04,S012,1099,1094
D0906S001,2026-09-06,K01,S001,556,554
D0906S005,2026-09-06,K01,S005,756,746
D0906S009,2026-09-06,K01,S009,622,613
D0906S002,2026-09-06,K02,S002,1056,1049
D0906S006,2026-09-06,K02,S006,1110,1103
D0906S010,2026-09-06,K02,S010,618,604
D0906S003,2026-09-06,K03,S003,867,866
D0906S007,2026-09-06,K03,S007,543,542
D0906S011,2026-09-06,K03,S011,794,781
D0906S004,2026-09-06,K04,S004,803,801
D0906S008,2026-09-06,K04,S008,962,946
D0906S012,2026-09-06,K04,S012,1132,1123
D0907S001,2026-09-07,K01,S001,545,537
D0907S005,2026-09-07,K01,S005,742,734
D0907S009,2026-09-07,K01,S009,610,608
D0907S002,2026-09-07,K02,S002,952,941
D0907S006,2026-09-07,K02,S006,1001,991
D0907S010,2026-09-07,K02,S010,557,551
D0907S003,2026-09-07,K03,S003,854,848
D0907S007,2026-09-07,K03,S007,535,518
D0907S011,2026-09-07,K03,S011,782,776
D0907S004,2026-09-07,K04,S004,851,847
D0907S008,2026-09-07,K04,S008,1020,1007
D0907S012,2026-09-07,K04,S012,1201,1184
D0908S001,2026-09-08,K01,S001,591,577
D0908S005,2026-09-08,K01,S005,805,797
D0908S009,2026-09-08,K01,S009,662,649
D0908S002,2026-09-08,K02,S002,911,895
D0908S006,2026-09-08,K02,S006,958,956
D0908S010,2026-09-08,K02,S010,533,525
D0908S003,2026-09-08,K03,S003,905,891
D0908S007,2026-09-08,K03,S007,566,556
D0908S011,2026-09-08,K03,S011,828,819
D0908S004,2026-09-08,K04,S004,829,816
D0908S008,2026-09-08,K04,S008,994,986
D0908S012,2026-09-08,K04,S012,1170,1158
D0909S001,2026-09-09,K01,S001,561,559
D0909S005,2026-09-09,K01,S005,764,754
D0909S009,2026-09-09,K01,S009,628,627
D0909S002,2026-09-09,K02,S002,938,931
D0909S006,2026-09-09,K02,S006,986,972
D0909S010,2026-09-09,K02,S010,549,549
D0909S003,2026-09-09,K03,S003,900,889
D0909S007,2026-09-09,K03,S007,564,562
D0909S011,2026-09-09,K03,S011,824,812
D0909S004,2026-09-09,K04,S004,778,775
D0909S008,2026-09-09,K04,S008,932,927
D0909S012,2026-09-09,K04,S012,1097,1081
D0910S001,2026-09-10,K01,S001,589,578
D0910S005,2026-09-10,K01,S005,802,792
D0910S009,2026-09-10,K01,S009,659,654
D0910S002,2026-09-10,K02,S002,1038,1030
D0910S006,2026-09-10,K02,S006,1091,1083
D0910S010,2026-09-10,K02,S010,607,593
D0910S003,2026-09-10,K03,S003,841,829
D0910S007,2026-09-10,K03,S007,526,518
D0910S011,2026-09-10,K03,S011,770,763
D0910S004,2026-09-10,K04,S004,834,826
D0910S008,2026-09-10,K04,S008,1000,986
D0910S012,2026-09-10,K04,S012,1177,1173
D0911S001,2026-09-11,K01,S001,569,554
D0911S005,2026-09-11,K01,S005,774,767
D0911S009,2026-09-11,K01,S009,636,631
D0911S002,2026-09-11,K02,S002,1021,1005
D0911S006,2026-09-11,K02,S006,1074,1065
D0911S010,2026-09-11,K02,S010,598,596
D0911S003,2026-09-11,K03,S003,926,915
D0911S007,2026-09-11,K03,S007,580,568
D0911S011,2026-09-11,K03,S011,848,846
D0911S004,2026-09-11,K04,S004,800,787
D0911S008,2026-09-11,K04,S008,959,943
D0911S012,2026-09-11,K04,S012,1129,1116
D0912S001,2026-09-12,K01,S001,546,529
D0912S005,2026-09-12,K01,S005,743,739
D0912S009,2026-09-12,K01,S009,611,607
D0912S002,2026-09-12,K02,S002,967,961
D0912S006,2026-09-12,K02,S006,1016,1011
D0912S010,2026-09-12,K02,S010,566,552
D0912S003,2026-09-12,K03,S003,1024,1021
D0912S007,2026-09-12,K03,S007,641,624
D0912S011,2026-09-12,K03,S011,938,927
D0912S004,2026-09-12,K04,S004,779,775
D0912S008,2026-09-12,K04,S008,933,916
D0912S012,2026-09-12,K04,S012,1099,1083
D0913S001,2026-09-13,K01,S001,557,552
D0913S005,2026-09-13,K01,S005,758,751
D0913S009,2026-09-13,K01,S009,623,606
D0913S002,2026-09-13,K02,S002,1120,1107
D0913S006,2026-09-13,K02,S006,1177,1162
D0913S010,2026-09-13,K02,S010,655,639
D0913S003,2026-09-13,K03,S003,954,946
D0913S007,2026-09-13,K03,S007,597,592
D0913S011,2026-09-13,K03,S011,873,873
D0913S004,2026-09-13,K04,S004,837,831
D0913S008,2026-09-13,K04,S008,1003,988
D0913S012,2026-09-13,K04,S012,1181,1180
D0914S001,2026-09-14,K01,S001,603,603
D0914S005,2026-09-14,K01,S005,820,804
D0914S009,2026-09-14,K01,S009,674,657
D0914S002,2026-09-14,K02,S002,919,905
D0914S006,2026-09-14,K02,S006,966,950
D0914S010,2026-09-14,K02,S010,538,536
D0914S003,2026-09-14,K03,S003,863,851
D0914S007,2026-09-14,K03,S007,540,525
D0914S011,2026-09-14,K03,S011,790,790
D0914S004,2026-09-14,K04,S004,744,731
D0914S008,2026-09-14,K04,S008,891,886
D0914S012,2026-09-14,K04,S012,1049,1032
D0915S001,2026-09-15,K01,S001,583,567
D0915S005,2026-09-15,K01,S005,793,793
D0915S009,2026-09-15,K01,S009,652,649
D0915S002,2026-09-15,K02,S002,921,909
D0915S006,2026-09-15,K02,S006,968,951
D0915S010,2026-09-15,K02,S010,539,537
D0915S003,2026-09-15,K03,S003,965,952
D0915S007,2026-09-15,K03,S007,604,594
D0915S011,2026-09-15,K03,S011,884,877
D0915S004,2026-09-15,K04,S004,823,811
D0915S008,2026-09-15,K04,S008,987,986
D0915S012,2026-09-15,K04,S012,1162,1149
D0916S001,2026-09-16,K01,S001,546,536
D0916S005,2026-09-16,K01,S005,744,728
D0916S009,2026-09-16,K01,S009,611,610
D0916S002,2026-09-16,K02,S002,963,955
D0916S006,2026-09-16,K02,S006,1013,1004
D0916S010,2026-09-16,K02,S010,564,553
D0916S003,2026-09-16,K03,S003,1007,990
D0916S007,2026-09-16,K03,S007,630,614
D0916S011,2026-09-16,K03,S011,922,914
D0916S004,2026-09-16,K04,S004,776,765
D0916S008,2026-09-16,K04,S008,930,915
D0916S012,2026-09-16,K04,S012,1095,1094
D0917S001,2026-09-17,K01,S001,565,565
D0917S005,2026-09-17,K01,S005,769,752
D0917S009,2026-09-17,K01,S009,632,630
D0917S002,2026-09-17,K02,S002,1080,1066
D0917S006,2026-09-17,K02,S006,1135,1128
D0917S010,2026-09-17,K02,S010,632,624
D0917S003,2026-09-17,K03,S003,1014,1003
D0917S007,2026-09-17,K03,S007,635,634
D0917S011,2026-09-17,K03,S011,929,924
D0917S004,2026-09-17,K04,S004,859,855
D0917S008,2026-09-17,K04,S008,1029,1023
D0917S012,2026-09-17,K04,S012,1212,1203
D0918S001,2026-09-18,K01,S001,618,605
D0918S005,2026-09-18,K01,S005,841,831
D0918S009,2026-09-18,K01,S009,692,687
D0918S002,2026-09-18,K02,S002,964,957
D0918S006,2026-09-18,K02,S006,1013,1011
D0918S010,2026-09-18,K02,S010,564,553
D0918S003,2026-09-18,K03,S003,966,957
D0918S007,2026-09-18,K03,S007,605,601
D0918S011,2026-09-18,K03,S011,884,880
D0918S004,2026-09-18,K04,S004,808,794
D0918S008,2026-09-18,K04,S008,968,951
D0918S012,2026-09-18,K04,S012,1140,1139
D0919S001,2026-09-19,K01,S001,537,531
D0919S005,2026-09-19,K01,S005,730,728
D0919S009,2026-09-19,K01,S009,600,597
D0919S002,2026-09-19,K02,S002,990,988
D0919S006,2026-09-19,K02,S006,1041,1025
D0919S010,2026-09-19,K02,S010,579,563
D0919S003,2026-09-19,K03,S003,846,836
D0919S007,2026-09-19,K03,S007,529,527
D0919S011,2026-09-19,K03,S011,774,766
D0919S004,2026-09-19,K04,S004,702,702
D0919S008,2026-09-19,K04,S008,841,838
D0919S012,2026-09-19,K04,S012,990,987
D0920S001,2026-09-20,K01,S001,532,523
D0920S005,2026-09-20,K01,S005,724,712
D0920S009,2026-09-20,K01,S009,595,581
D0920S002,2026-09-20,K02,S002,951,942
D0920S006,2026-09-20,K02,S006,1000,987
D0920S010,2026-09-20,K02,S010,557,542
D0920S003,2026-09-20,K03,S003,995,987
D0920S007,2026-09-20,K03,S007,623,620
D0920S011,2026-09-20,K03,S011,911,895
D0920S004,2026-09-20,K04,S004,742,732
D0920S008,2026-09-20,K04,S008,889,872
D0920S012,2026-09-20,K04,S012,1047,1040
