service_date,kitchen_id,meals_prepared
2026-09-01,K01,2200
2026-09-01,K02,2596
2026-09-01,K03,2528
2026-09-01,K04,2698
2026-09-02,K01,2195
2026-09-02,K02,2887
2026-09-02,K03,2213
2026-09-02,K04,3190
2026-09-03,K01,2117
2026-09-03,K02,2536
2026-09-03,K03,2553
2026-09-03,K04,3131
2026-09-04,K01,2153
2026-09-04,K02,2678
2026-09-04,K03,2514
2026-09-04,K04,2624
2026-09-05,K01,1979
2026-09-05,K02,2705
2026-09-05,K03,2476
2026-09-05,K04,2854
2026-09-06,K01,1969
2026-09-06,K02,2809
2026-09-06,K03,2212
2026-09-06,K04,2935
2026-09-07,K01,1935
2026-09-07,K02,2547
2026-09-07,K03,2182
2026-09-07,K04,3098
2026-09-08,K01,2096
2026-09-08,K02,2428
2026-09-08,K03,2319
2026-09-08,K04,3000
2026-09-09,K01,1988
2026-09-09,K02,2513
2026-09-09,K03,2309
2026-09-09,K04,2849
2026-09-10,K01,2072
2026-09-10,K02,2760
2026-09-10,K03,2164
2026-09-10,K04,3042
2026-09-11,K01,2008
2026-09-11,K02,2699
2026-09-11,K03,2364
2026-09-11,K04,2927
2026-09-12,K01,1947
2026-09-12,K02,2579
2026-09-12,K03,2623
2026-09-12,K04,2858
2026-09-13,K01,1947
2026-09-13,K02,2962
2026-09-13,K03,2454
2026-09-13,K04,3046
2026-09-14,K01,2114
2026-09-14,K02,2432
2026-09-14,K03,2225
2026-09-14,K04,2734
2026-09-15,K01,2041
2026-09-15,K02,2434
2026-09-15,K03,2491
2026-09-15,K04,2979
2026-09-16,K01,1913
2026-09-16,K02,2551
2026-09-16,K03,2577
2026-09-16,K04,2814
2026-09-17,K01,1991
2026-09-17,K02,2886
2026-09-17,K03,2585
2026-09-17,K04,3127
2026-09-18,K01,2197
2026-09-18,K02,2588
2026-09-18,K03,2481
2026-09-18,K04,2959
2026-09-19,K01,1900
2026-09-19,K02,2657
2026-09-19,K03,2168
2026-09-19,K04,2571
2026-09-20,K01,1884
2026-09-20,K02,2558
2026-09-20,K03,2537
2026-09-20,K04,2713
