payment_id,student_id,school_id,payment_timestamp,amount_kes,method
P0000001,S001-ST0897,S001,2026-09-18 15:00:00,500,MOBILE_MONEY
P0000002,S001-ST0585,S001,2026-09-15 09:00:00,200,MOBILE_MONEY
P0000003,S001-ST0331,S001,2026-09-15 16:00:00,100,MOBILE_MONEY
P0000004,S001-ST0086,S001,2026-09-08 09:00:00,50,MOBILE_MONEY
P0000005,S001-ST0513,S001,2026-09-08 18:00:00,100,MOBILE_MONEY
P0000006,S001-ST0501,S001,2026-09-11 13:00:00,200,MOBILE_MONEY
P0000007,S001-ST0301,S001,2026-09-02 07:00:00,200,MOBILE_MONEY
P0000008,S001-ST0674,S001,2026-09-07 09:00:00,50,MOBILE_MONEY
P0000009,S001-ST0933,S001,2026-09-10 19:00:00,500,MOBILE_MONEY
P0000010,S001-ST0076,S001,2026-09-17 10:00:00,500,MOBILE_MONEY
P0000011,S001-ST0519,S001,2026-09-10 19:00:00,50,MOBILE_MONEY
P0000012,S001-ST0849,S001,2026-09-02 16:00:00,200,MOBILE_MONEY
P0000013,S001-ST0848,S001,2026-09-03 10:00:00,50,MOBILE_MONEY
P0000014,S001-ST0994,S001,2026-09-04 15:00:00,500,MOBILE_MONEY
P0000015,S001-ST0097,S001,2026-09-13 09:00:00,100,MOBILE_MONEY
P0000016,S001-ST0305,S001,2026-09-17 15:00:00,100,MOBILE_MONEY
P0000017,S001-ST0483,S001,2026-09-07 12:00:00,500,MOBILE_MONEY
P0000018,S001-ST0581,S001,2026-09-20 09:00:00,500,MOBILE_MONEY
P0000019,S001-ST0703,S001,2026-09-12 14:00:00,100,MOBILE_MONEY
P0000020,S001-ST0231,S001,2026-09-04 09:00:00,100,MOBILE_MONEY
P0000021,S001-ST0734,S001,2026-09-02 17:00:00,200,MOBILE_MONEY
P0000022,S001-ST0225,S001,2026-09-05 14:00:00,100,MOBILE_MONEY
P0000023,S001-ST0422,S001,2026-09-14 19:00:00,200,MOBILE_MONEY
P0000024,S001-ST0234,S001,2026-09-06 10:00:00,200,MOBILE_MONEY
P0000025,S001-ST0837,S001,2026-09-20 12:00:00,500,MOBILE_MONEY
P0000026,S001-ST0085,S001,2026-09-13 14:00:00,500,MOBILE_MONEY
P0000027,S001-ST0025,S001,2026-09-05 15:00:00,500,MOBILE_MONEY
P0000028,S001-ST0639,S001,2026-09-14 18:00:00,200,MOBILE_MONEY
P0000029,S001-ST0749,S001,2026-09-03 08:00:00,100,MOBILE_MONEY
P0000030,S001-ST0007,S001,2026-09-13 09:00:00,100,MOBILE_MONEY
P0000031,S001-ST0590,S001,2026-09-14 18:00:00,100,MOBILE_MONEY
P0000032,S001-ST0527,S001,2026-09-11 16:00:00,200,MOBILE_MONEY
P0000033,S001-ST0817,S001,2026-09-11 17:00:00,100,MOBILE_MONEY
P0000034,S001-ST0673,S001,2026-09-09 14:00:00,50,MOBILE_MONEY
P0000035,S001-ST0547,S001,2026-09-05 15:00:00,100,MOBILE_MONEY
P0000036,S001-ST0430,S001,2026-09-05 08:00:00,200,MOBILE_MONEY
P0000037,S001-ST0903,S001,2026-09-07 09:00:00,200,MOBILE_MONEY
P0000038,S001-ST0212,S001,2026-09-01 19:00:00,50,MOBILE_MONEY
P0000039,S001-ST0539,S001,2026-09-18 16:00:00,50,MOBILE_MONEY
P0000040,S001-ST0606,S001,2026-09-01 13:00:00,50,MOBILE_MONEY
P0000041,S001-ST0040,S001,2026-09-16 18:00:00,100,MOBILE_MONEY
P0000042,S001-ST0047,S001,2026-09-12 08:00:00,100,MOBILE_MONEY
P0000043,S001-ST0288,S001,2026-09-19 08:00:00,500,MOBILE_MONEY
P0000044,S001-ST0124,S001,2026-09-18 17:00:00,50,MOBILE_MONEY
P0000045,S001-ST0090,S001,2026-09-15 07:00:00,200,MOBILE_MONEY
P0000046,S001-ST0589,S001,2026-09-03 09:00:00,100,MOBILE_MONEY
P0000047,S001-ST0310,S001,2026-09-19 15:00:00,100,MOBILE_MONEY
P0000048,S001-ST0933,S001,2026-09-05 11:00:00,100,MOBILE_MONEY
P0000049,S001-ST0275,S001,2026-09-03 16:00:00,200,MOBILE_MONEY
P0000050,S001-ST0881,S001,2026-09-17 09:00:00,500,MOBILE_MONEY
P0000051,S001-ST0475,S001,2026-09-17 17:00:00,100,MOBILE_MONEY
P0000052,S001-ST0527,S001,2026-09-17 07:00:00,200,MOBILE_MONEY
P0000053,S001-ST0189,S001,2026-09-08 17:00:00,50,MOBILE_MONEY
P0000054,S001-ST0093,S001,2026-09-01 17:00:00,200,MOBILE_MONEY
P0000055,S001-ST0638,S001,2026-09-02 09:00:00,100,MOBILE_MONEY
P0000056,S001-ST0847,S001,2026-09-05 11:00:00,100,MOBILE_MONEY
P0000057,S001-ST0717,S001,2026-09-09 16:00:00,50,MOBILE_MONEY
P0000058,S001-ST0172,S001,2026-09-10 10:00:00,200,MOBILE_MONEY
P0000059,S001-ST0140,S001,2026-09-13 19:00:00,100,MOBILE_MONEY
P0000060,S001-ST0400,S001,2026-09-10 13:00:00,50,MOBILE_MONEY
P0000061,S001-ST0939,S001,2026-09-02 08:00:00,200,MOBILE_MONEY
P0000062,S001-ST0700,S001,2026-09-12 12:00:00,50,MOBILE_MONEY
P0000063,S001-ST0975,S001,2026-09-13 11:00:00,200,MOBILE_MONEY
P0000064,S001-ST0815,S001,2026-09-19 15:00:00,500,MOBILE_MONEY
P0000065,S001-ST0507,S001,2026-09-17 14:00:00,50,MOBILE_MONEY
P0000066,S001-ST0696,S001,2026-09-06 07:00:00,200,MOBILE_MONEY
P0000067,S001-ST0076,S001,2026-09-17 17:00:00,500,MOBILE_MONEY
P0000068,S001-ST0112,S001,2026-09-04 12:00:00,50,MOBILE_MONEY
P0000069,S001-ST0288,S001,2026-09-09 15:00:00,500,MOBILE_MONEY
P0000070,S001-ST0922,S001,2026-09-11 13:00:00,500,MOBILE_MONEY
P0000071,S001-ST0570,S001,2026-09-03 13:00:00,50,MOBILE_MONEY
P0000072,S001-ST0248,S001,2026-09-13 12:00:00,200,MOBILE_MONEY
P0000073,S001-ST0743,S001,2026-09-03 07:00:00,100,MOBILE_MONEY
P0000074,S001-ST0010,S001,2026-09-19 19:00:00,50,MOBILE_MONEY
P0000075,S001-ST0187,S001,2026-09-06 07:00:00,200,MOBILE_MONEY
P0000076,S001-ST0438,S001,2026-09-06 16:00:00,200,MOBILE_MONEY
P0000077,S001-ST0519,S001,2026-09-04 18:00:00,200,MOBILE_MONEY
P0000078,S001-ST0914,S001,2026-09-07 16:00:00,100,MOBILE_MONEY
P0000079,S001-ST0732,S001,2026-09-20 10:00:00,100,MOBILE_MONEY
P0000080,S001-ST0081,S001,2026-09-01 11:00:00,200,MOBILE_MONEY
P0000081,S001-ST0050,S001,2026-09-02 18:00:00,50,MOBILE_MONEY
P0000082,S001-ST0935,S001,2026-09-10 13:00:00,200,MOBILE_MONEY
P0000083,S001-ST0653,S001,2026-09-11 16:00:00,50,MOBILE_MONEY
P0000084,S001-ST0689,S001,2026-09-13 07:00:00,200,MOBILE_MONEY
P0000085,S001-ST0861,S001,2026-09-17 11:00:00,100,MOBILE_MONEY
P0000086,S001-ST0260,S001,2026-09-19 11:00:00,500,MOBILE_MONEY
P0000087,S001-ST0961,S001,2026-09-05 14:00:00,100,MOBILE_MONEY
P0000088,S001-ST0729,S001,2026-09-05 10:00:00,200,MOBILE_MONEY
P0000089,S001-ST0187,S001,2026-09-06 13:00:00,200,MOBILE_MONEY
P0000090,S001-ST0801,S001,2026-09-19 09:00:00,500,MOBILE_MONEY
P0000091,S001-ST0948,S001,2026-09-07 10:00:00,500,MOBILE_MONEY
P0000092,S001-ST0177,S001,2026-09-10 19:00:00,500,MOBILE_MONEY
P0000093,S001-ST0961,S001,2026-09-08 14:00:00,100,MOBILE_MONEY
P0000094,S001-ST0889,S001,2026-09-19 10:00:00,200,MOBILE_MONEY
P0000095,S001-ST0219,S001,2026-09-05 19:00:00,500,MOBILE_MONEY
P0000096,S001-ST0418,S001,2026-09-04 13:00:00,500,MOBILE_MONEY
P0000097,S001-ST0388,S001,2026-09-14 16:00:00,100,MOBILE_MONEY
P0000098,S001-ST0250,S001,2026-09-05 13:00:00,200,MOBILE_MONEY
P0000099,S001-ST0571,S001,2026-09-14 08:00:00,50,MOBILE_MONEY
P0000100,S001-ST0303,S001,2026-09-16 15:00:00,50,MOBILE_MONEY
P0000101,S001-ST0555,S001,2026-09-02 14:00:00,200,MOBILE_MONEY
P0000102,S001-ST0250,S001,2026-09-19 07:00:00,100,MOBILE_MONEY
P0000103,S001-ST0371,S001,2026-09-08 08:00:00,200,MOBILE_MONEY
P0000104,S001-ST0113,S001,2026-09-09 08:00:00,200,MOBILE_MONEY
P0000105,S001-ST0741,S001,2026-09-09 11:00:00,50,MOBILE_MONEY
P0000106,S001-ST0664,S001,2026-09-20 18:00:00,50,MOBILE_MONEY
P0000107,S001-ST0822,S001,2026-09-10 11:00:00,50,MOBILE_MONEY
P0000108,S001-ST0497,S001,2026-09-03 10:00:00,100,MOBILE_MONEY
P0000109,S001-ST0801,S001,2026-09-05 18:00:00,50,MOBILE_MONEY
P0000110,S001-ST0992,S001,2026-09-12 08:00:00,100,MOBILE_MONEY
P0000111,S001-ST0349,S001,2026-09-17 08:00:00,50,MOBILE_MONEY
P0000112,S001-ST0460,S001,2026-09-12 11:00:00,50,MOBILE_MONEY
P0000113,S001-ST0505,S001,2026-09-05 09:00:00,50,MOBILE_MONEY
P0000114,S001-ST0575,S001,2026-09-09 07:00:00,50,MOBILE_MONEY
P0000115,S001-ST0998,S001,2026-09-19 15:00:00,100,MOBILE_MONEY
P0000116,S001-ST0899,S001,2026-09-02 13:00:00,50,MOBILE_MONEY
P0000117,S001-ST0078,S001,2026-09-18 14:00:00,500,MOBILE_MONEY
P0000118,S001-ST0896,S001,2026-09-17 14:00:00,500,MOBILE_MONEY
P0000119,S001-ST0309,S001,2026-09-05 18:00:00,100,MOBILE_MONEY
P0000120,S001-ST0310,S001,2026-09-03 12:00:00,100,MOBILE_MONEY
P0000121,S002-ST0421,S002,2026-09-19 07:00:00,50,MOBILE_MONEY
P0000122,S002-ST0997,S002,2026-09-17 14:00:00,500,MOBILE_MONEY
P0000123,S002-ST0530,S002,2026-09-04 07:00:00,200,MOBILE_MONEY
P0000124,S002-ST0265,S002,2026-09-19 10:00:00,200,MOBILE_MONEY
P0000125,S002-ST0448,S002,2026-09-20 15:00:00,200,MOBILE_MONEY
P0000126,S002-ST0306,S002,2026-09-16 13:00:00,100,MOBILE_MONEY
P0000127,S002-ST0412,S002,2026-09-04 09:00:00,100,MOBILE_MONEY
P0000128,S002-ST0373,S002,2026-09-14 19:00:00,50,MOBILE_MONEY
P0000129,S002-ST0996,S002,2026-09-20 11:00:00,100,MOBILE_MONEY
P0000130,S002-ST0070,S002,2026-09-19 07:00:00,200,MOBILE_MONEY
P0000131,S002-ST0739,S002,2026-09-13 08:00:00,50,MOBILE_MONEY
P0000132,S002-ST0151,S002,2026-09-15 15:00:00,50,MOBILE_MONEY
P0000133,S002-ST0013,S002,2026-09-20 13:00:00,200,MOBILE_MONEY
P0000134,S002-ST0652,S002,2026-09-16 15:00:00,500,MOBILE_MONEY
P0000135,S002-ST0455,S002,2026-09-08 15:00:00,50,MOBILE_MONEY
P0000136,S002-ST0131,S002,2026-09-20 08:00:00,500,MOBILE_MONEY
P0000137,S002-ST0109,S002,2026-09-11 07:00:00,200,MOBILE_MONEY
P0000138,S002-ST0547,S002,2026-09-13 07:00:00,200,MOBILE_MONEY
P0000139,S002-ST0421,S002,2026-09-14 09:00:00,100,MOBILE_MONEY
P0000140,S002-ST0836,S002,2026-09-17 17:00:00,50,MOBILE_MONEY
P0000141,S002-ST0759,S002,2026-09-20 08:00:00,100,MOBILE_MONEY
P0000142,S002-ST0961,S002,2026-09-08 17:00:00,50,MOBILE_MONEY
P0000143,S002-ST0664,S002,2026-09-19 17:00:00,500,MOBILE_MONEY
P0000144,S002-ST0016,S002,2026-09-18 18:00:00,50,MOBILE_MONEY
P0000145,S002-ST0265,S002,2026-09-19 08:00:00,100,MOBILE_MONEY
P0000146,S002-ST0236,S002,2026-09-08 14:00:00,500,MOBILE_MONEY
P0000147,S002-ST0409,S002,2026-09-03 13:00:00,50,MOBILE_MONEY
P0000148,S002-ST0672,S002,2026-09-11 19:00:00,50,MOBILE_MONEY
P0000149,S002-ST0702,S002,2026-09-10 18:00:00,200,MOBILE_MONEY
P0000150,S002-ST0309,S002,2026-09-15 09:00:00,500,MOBILE_MONEY
P0000151,S002-ST0265,S002,2026-09-11 12:00:00,100,MOBILE_MONEY
P0000152,S002-ST0953,S002,2026-09-11 17:00:00,50,MOBILE_MONEY
P0000153,S002-ST0095,S002,2026-09-12 12:00:00,100,MOBILE_MONEY
P0000154,S002-ST0585,S002,2026-09-15 16:00:00,100,MOBILE_MONEY
P0000155,S002-ST0012,S002,2026-09-12 17:00:00,100,MOBILE_MONEY
P0000156,S002-ST0404,S002,2026-09-03 10:00:00,100,MOBILE_MONEY
P0000157,S002-ST0133,S002,2026-09-13 13:00:00,200,MOBILE_MONEY
P0000158,S002-ST0938,S002,2026-09-06 17:00:00,500,MOBILE_MONEY
P0000159,S002-ST0083,S002,2026-09-06 08:00:00,500,MOBILE_MONEY
P0000160,S002-ST0904,S002,2026-09-19 10:00:00,100,MOBILE_MONEY
P0000161,S002-ST0668,S002,2026-09-09 07:00:00,100,MOBILE_MONEY
P0000162,S002-ST0284,S002,2026-09-07 08:00:00,100,MOBILE_MONEY
P0000163,S002-ST0451,S002,2026-09-11 08:00:00,100,MOBILE_MONEY
P0000164,S002-ST0350,S002,2026-09-14 09:00:00,50,MOBILE_MONEY
P0000165,S002-ST0562,S002,2026-09-14 08:00:00,500,MOBILE_MONEY
P0000166,S002-ST0260,S002,2026-09-11 13:00:00,50,MOBILE_MONEY
P0000167,S002-ST0351,S002,2026-09-18 12:00:00,200,MOBILE_MONEY
P0000168,S002-ST0625,S002,2026-09-13 18:00:00,100,MOBILE_MONEY
P0000169,S002-ST0061,S002,2026-09-17 17:00:00,50,MOBILE_MONEY
P0000170,S002-ST0553,S002,2026-09-15 07:00:00,50,MOBILE_MONEY
P0000171,S002-ST0120,S002,2026-09-10 09:00:00,50,MOBILE_MONEY
P0000172,S002-ST0004,S002,2026-09-07 18:00:00,100,MOBILE_MONEY
P0000173,S002-ST0715,S002,2026-09-12 14:00:00,100,MOBILE_MONEY
P0000174,S002-ST0731,S002,2026-09-03 14:00:00,50,MOBILE_MONEY
P0000175,S002-ST0854,S002,2026-09-01 13:00:00,100,MOBILE_MONEY
P0000176,S002-ST0033,S002,2026-09-08 14:00:00,50,MOBILE_MONEY
P0000177,S002-ST0029,S002,2026-09-01 16:00:00,200,MOBILE_MONEY
P0000178,S002-ST0841,S002,2026-09-03 19:00:00,200,MOBILE_MONEY
P0000179,S002-ST0014,S002,2026-09-16 07:00:00,50,MOBILE_MONEY
P0000180,S002-ST0416,S002,2026-09-07 10:00:00,200,MOBILE_MONEY
P0000181,S002-ST0069,S002,2026-09-16 09:00:00,100,MOBILE_MONEY
P0000182,S002-ST0112,S002,2026-09-07 19:00:00,500,MOBILE_MONEY
P0000183,S002-ST0318,S002,2026-09-09 08:00:00,100,MOBILE_MONEY
P0000184,S002-ST0476,S002,2026-09-20 16:00:00,500,MOBILE_MONEY
P0000185,S002-ST0268,S002,2026-09-17 19:00:00,100,MOBILE_MONEY
P0000186,S002-ST0358,S002,2026-09-04 18:00:00,100,MOBILE_MONEY
P0000187,S002-ST0274,S002,2026-09-16 13:00:00,200,MOBILE_MONEY
P0000188,S002-ST0382,S002,2026-09-20 19:00:00,500,MOBILE_MONEY
P0000189,S002-ST0816,S002,2026-09-17 17:00:00,200,MOBILE_MONEY
P0000190,S002-ST0922,S002,2026-09-15 07:00:00,100,MOBILE_MONEY
P0000191,S002-ST0189,S002,2026-09-13 10:00:00,200,MOBILE_MONEY
P0000192,S002-ST0088,S002,2026-09-14 17:00:00,50,MOBILE_MONEY
P0000193,S002-ST0931,S002,2026-09-12 12:00:00,100,MOBILE_MONEY
P0000194,S002-ST0461,S002,2026-09-07 13:00:00,500,MOBILE_MONEY
P0000195,S002-ST0892,S002,2026-09-10 17:00:00,500,MOBILE_MONEY
P0000196,S002-ST0879,S002,2026-09-10 19:00:00,50,MOBILE_MONEY
P0000197,S002-ST0456,S002,2026-09-16 15:00:00,100,MOBILE_MONEY
P0000198,S002-ST0115,S002,2026-09-19 09:00:00,50,MOBILE_MONEY
P0000199,S002-ST0951,S002,2026-09-06 12:00:00,50,MOBILE_MONEY
P0000200,S002-ST0577,S002,2026-09-11 18:00:00,500,MOBILE_MONEY
P0000201,S002-ST0849,S002,2026-09-06 08:00:00,50,MOBILE_MONEY
P0000202,S002-ST0752,S002,2026-09-05 16:00:00,500,MOBILE_MONEY
P0000203,S002-ST0104,S002,2026-09-12 13:00:00,200,MOBILE_MONEY
P0000204,S002-ST0823,S002,2026-09-13 17:00:00,500,MOBILE_MONEY
P0000205,S002-ST0020,S002,2026-09-02 18:00:00,200,MOBILE_MONEY
P0000206,S002-ST0536,S002,2026-09-01 19:00:00,500,MOBILE_MONEY
P0000207,S002-ST0722,S002,2026-09-08 08:00:00,500,MOBILE_MONEY
P0000208,S002-ST0825,S002,2026-09-05 14:00:00,100,MOBILE_MONEY
P0000209,S002-ST0505,S002,2026-09-06 07:00:00,200,MOBILE_MONEY
P0000210,S002-ST0486,S002,2026-09-09 17:00:00,200,MOBILE_MONEY
P0000211,S002-ST0067,S002,2026-09-17 09:00:00,200,MOBILE_MONEY
P0000212,S002-ST0778,S002,2026-09-14 09:00:00,50,MOBILE_MONEY
P0000213,S002-ST0979,S002,2026-09-14 07:00:00,100,MOBILE_MONEY
P0000214,S002-ST0483,S002,2026-09-08 07:00:00,50,MOBILE_MONEY
P0000215,S002-ST0683,S002,2026-09-12 12:00:00,100,MOBILE_MONEY
P0000216,S002-ST0905,S002,2026-09-10 08:00:00,500,MOBILE_MONEY
P0000217,S002-ST0061,S002,2026-09-18 19:00:00,200,MOBILE_MONEY
P0000218,S002-ST0013,S002,2026-09-17 12:00:00,200,MOBILE_MONEY
P0000219,S002-ST0688,S002,2026-09-20 19:00:00,100,MOBILE_MONEY
P0000220,S002-ST0439,S002,2026-09-20 08:00:00,200,MOBILE_MONEY
P0000221,S002-ST0234,S002,2026-09-07 10:00:00,200,MOBILE_MONEY
P0000222,S002-ST0699,S002,2026-09-07 07:00:00,500,MOBILE_MONEY
P0000223,S002-ST0480,S002,2026-09-16 16:00:00,200,MOBILE_MONEY
P0000224,S002-ST0973,S002,2026-09-12 16:00:00,50,MOBILE_MONEY
P0000225,S002-ST0506,S002,2026-09-13 10:00:00,200,MOBILE_MONEY
P0000226,S002-ST0946,S002,2026-09-09 09:00:00,200,MOBILE_MONEY
P0000227,S002-ST0012,S002,2026-09-08 16:00:00,100,MOBILE_MONEY
P0000228,S002-ST0498,S002,2026-09-14 17:00:00,50,MOBILE_MONEY
P0000229,S002-ST0105,S002,2026-09-11 09:00:00,100,MOBILE_MONEY
P0000230,S002-ST0200,S002,2026-09-08 12:00:00,50,MOBILE_MONEY
P0000231,S002-ST0868,S002,2026-09-17 12:00:00,200,MOBILE_MONEY
P0000232,S002-ST0004,S002,2026-09-10 07:00:00,200,MOBILE_MONEY
P0000233,S002-ST0351,S002,2026-09-04 07:00:00,50,MOBILE_MONEY
P0000234,S002-ST0204,S002,2026-09-06 11:00:00,200,MOBILE_MONEY
P0000235,S002-ST0738,S002,2026-09-04 14:00:00,50,MOBILE_MONEY
P0000236,S002-ST0200,S002,2026-09-08 07:00:00,50,MOBILE_MONEY
P0000237,S002-ST0681,S002,2026-09-11 07:00:00,200,MOBILE_MONEY
P0000238,S002-ST0720,S002,2026-09-05 18:00:00,500,MOBILE_MONEY
P0000239,S002-ST0209,S002,2026-09-17 15:00:00,50,MOBILE_MONEY
P0000240,S002-ST0883,S002,2026-09-09 18:00:00,500,MOBILE_MONEY
P0000241,S003-ST0390,S003,2026-09-18 09:00:00,500,MOBILE_MONEY
P0000242,S003-ST0613,S003,2026-09-08 12:00:00,50,MOBILE_MONEY
P0000243,S003-ST0174,S003,2026-09-07 09:00:00,500,MOBILE_MONEY
P0000244,S003-ST0998,S003,2026-09-12 10:00:00,500,MOBILE_MONEY
P0000245,S003-ST0579,S003,2026-09-09 12:00:00,50,MOBILE_MONEY
P0000246,S003-ST0351,S003,2026-09-18 09:00:00,200,MOBILE_MONEY
P0000247,S003-ST0692,S003,2026-09-11 09:00:00,100,MOBILE_MONEY
P0000248,S003-ST0597,S003,2026-09-13 17:00:00,500,MOBILE_MONEY
P0000249,S003-ST0021,S003,2026-09-18 14:00:00,500,MOBILE_MONEY
P0000250,S003-ST0496,S003,2026-09-06 14:00:00,100,MOBILE_MONEY
P0000251,S003-ST0958,S003,2026-09-20 07:00:00,500,MOBILE_MONEY
P0000252,S003-ST0304,S003,2026-09-20 08:00:00,100,MOBILE_MONEY
P0000253,S003-ST0155,S003,2026-09-11 07:00:00,100,MOBILE_MONEY
P0000254,S003-ST0619,S003,2026-09-08 12:00:00,200,MOBILE_MONEY
P0000255,S003-ST0964,S003,2026-09-08 14:00:00,100,MOBILE_MONEY
P0000256,S003-ST0747,S003,2026-09-15 09:00:00,100,MOBILE_MONEY
P0000257,S003-ST0609,S003,2026-09-04 08:00:00,100,MOBILE_MONEY
P0000258,S003-ST0065,S003,2026-09-16 14:00:00,500,MOBILE_MONEY
P0000259,S003-ST0381,S003,2026-09-10 18:00:00,50,MOBILE_MONEY
P0000260,S003-ST0270,S003,2026-09-03 12:00:00,100,MOBILE_MONEY
P0000261,S003-ST0037,S003,2026-09-14 09:00:00,100,MOBILE_MONEY
P0000262,S003-ST0979,S003,2026-09-04 13:00:00,100,MOBILE_MONEY
P0000263,S003-ST0346,S003,2026-09-06 17:00:00,100,MOBILE_MONEY
P0000264,S003-ST0716,S003,2026-09-13 17:00:00,200,MOBILE_MONEY
P0000265,S003-ST0289,S003,2026-09-05 10:00:00,500,MOBILE_MONEY
P0000266,S003-ST0506,S003,2026-09-04 13:00:00,500,MOBILE_MONEY
P0000267,S003-ST0425,S003,2026-09-10 08:00:00,200,MOBILE_MONEY
P0000268,S003-ST0345,S003,2026-09-06 15:00:00,500,MOBILE_MONEY
P0000269,S003-ST0600,S003,2026-09-09 18:00:00,500,MOBILE_MONEY
P0000270,S003-ST0583,S003,2026-09-03 07:00:00,50,MOBILE_MONEY
P0000271,S003-ST0904,S003,2026-09-01 09:00:00,200,MOBILE_MONEY
P0000272,S003-ST0579,S003,2026-09-13 15:00:00,100,MOBILE_MONEY
P0000273,S003-ST0892,S003,2026-09-13 18:00:00,50,MOBILE_MONEY
P0000274,S003-ST0035,S003,2026-09-04 10:00:00,100,MOBILE_MONEY
P0000275,S003-ST0719,S003,2026-09-13 13:00:00,200,MOBILE_MONEY
P0000276,S003-ST0609,S003,2026-09-13 08:00:00,50,MOBILE_MONEY
P0000277,S003-ST0586,S003,2026-09-15 14:00:00,100,MOBILE_MONEY
P0000278,S003-ST0018,S003,2026-09-05 17:00:00,50,MOBILE_MONEY
P0000279,S003-ST0346,S003,2026-09-12 12:00:00,200,MOBILE_MONEY
P0000280,S003-ST0611,S003,2026-09-11 15:00:00,200,MOBILE_MONEY
P0000281,S003-ST0188,S003,2026-09-06 19:00:00,500,MOBILE_MONEY
P0000282,S003-ST0218,S003,2026-09-17 11:00:00,100,MOBILE_MONEY
P0000283,S003-ST0744,S003,2026-09-07 13:00:00,500,MOBILE_MONEY
P0000284,S003-ST0024,S003,2026-09-19 14:00:00,50,MOBILE_MONEY
P0000285,S003-ST0768,S003,2026-09-07 15:00:00,50,MOBILE_MONEY
P0000286,S003-ST0267,S003,2026-09-17 15:00:00,100,MOBILE_MONEY
P0000287,S003-ST0951,S003,2026-09-04 16:00:00,50,MOBILE_MONEY
P0000288,S003-ST0911,S003,2026-09-02 14:00:00,50,MOBILE_MONEY
P0000289,S003-ST0507,S003,2026-09-10 16:00:00,200,MOBILE_MONEY
P0000290,S003-ST0370,S003,2026-09-10 10:00:00,100,MOBILE_MONEY
P0000291,S003-ST0127,S003,2026-09-10 13:00:00,500,MOBILE_MONEY
P0000292,S003-ST0345,S003,2026-09-03 09:00:00,100,MOBILE_MONEY
P0000293,S003-ST0235,S003,2026-09-17 08:00:00,500,MOBILE_MONEY
P0000294,S003-ST0986,S003,2026-09-19 17:00:00,50,MOBILE_MONEY
P0000295,S003-ST0455,S003,2026-09-07 18:00:00,500,MOBILE_MONEY
P0000296,S003-ST0875,S003,2026-09-09 09:00:00,50,MOBILE_MONEY
P0000297,S003-ST0387,S003,2026-09-11 15:00:00,100,MOBILE_MONEY
P0000298,S003-ST0462,S003,2026-09-19 07:00:00,100,MOBILE_MONEY
P0000299,S003-ST0008,S003,2026-09-15 19:00:00,200,MOBILE_MONEY
P0000300,S003-ST0845,S003,2026-09-07 15:00:00,500,MOBILE_MONEY
P0000301,S003-ST0003,S003,2026-09-09 17:00:00,200,MOBILE_MONEY
P0000302,S003-ST0245,S003,2026-09-13 18:00:00,500,MOBILE_MONEY
P0000303,S003-ST0505,S003,2026-09-15 13:00:00,100,MOBILE_MONEY
P0000304,S003-ST0513,S003,2026-09-06 16:00:00,100,MOBILE_MONEY
P0000305,S003-ST0165,S003,2026-09-20 12:00:00,200,MOBILE_MONEY
P0000306,S003-ST0263,S003,2026-09-18 11:00:00,50,MOBILE_MONEY
P0000307,S003-ST0104,S003,2026-09-02 19:00:00,100,MOBILE_MONEY
P0000308,S003-ST0116,S003,2026-09-19 15:00:00,50,MOBILE_MONEY
P0000309,S003-ST0749,S003,2026-09-16 11:00:00,100,MOBILE_MONEY
P0000310,S003-ST0613,S003,2026-09-02 09:00:00,50,MOBILE_MONEY
P0000311,S003-ST0399,S003,2026-09-03 12:00:00,50,MOBILE_MONEY
P0000312,S003-ST0085,S003,2026-09-19 11:00:00,100,MOBILE_MONEY
P0000313,S003-ST0928,S003,2026-09-11 19:00:00,100,MOBILE_MONEY
P0000314,S003-ST0583,S003,2026-09-17 10:00:00,100,MOBILE_MONEY
P0000315,S003-ST0522,S003,2026-09-17 15:00:00,100,MOBILE_MONEY
P0000316,S003-ST0604,S003,2026-09-14 15:00:00,50,MOBILE_MONEY
P0000317,S003-ST0646,S003,2026-09-20 18:00:00,500,MOBILE_MONEY
P0000318,S003-ST0365,S003,2026-09-15 07:00:00,500,MOBILE_MONEY
P0000319,S003-ST0866,S003,2026-09-08 17:00:00,200,MOBILE_MONEY
P0000320,S003-ST0128,S003,2026-09-06 09:00:00,500,MOBILE_MONEY
P0000321,S003-ST0554,S003,2026-09-14 18:00:00,50,MOBILE_MONEY
P0000322,S003-ST0536,S003,2026-09-16 13:00:00,500,MOBILE_MONEY
P0000323,S003-ST0181,S003,2026-09-15 09:00:00,50,MOBILE_MONEY
P0000324,S003-ST0579,S003,2026-09-03 09:00:00,200,MOBILE_MONEY
P0000325,S003-ST0145,S003,2026-09-08 13:00:00,100,MOBILE_MONEY
P0000326,S003-ST0275,S003,2026-09-02 08:00:00,100,MOBILE_MONEY
P0000327,S003-ST0353,S003,2026-09-04 16:00:00,200,MOBILE_MONEY
P0000328,S003-ST0463,S003,2026-09-10 07:00:00,50,MOBILE_MONEY
P0000329,S003-ST0999,S003,2026-09-13 13:00:00,50,MOBILE_MONEY
P0000330,S003-ST0054,S003,2026-09-19 19:00:00,500,MOBILE_MONEY
P0000331,S003-ST0546,S003,2026-09-01 15:00:00,200,MOBILE_MONEY
P0000332,S003-ST0553,S003,2026-09-13 18:00:00,200,MOBILE_MONEY
P0000333,S003-ST0649,S003,2026-09-06 14:00:00,50,MOBILE_MONEY
P0000334,S003-ST0890,S003,2026-09-10 13:00:00,50,MOBILE_MONEY
P0000335,S003-ST0226,S003,2026-09-20 07:00:00,100,MOBILE_MONEY
P0000336,S003-ST0514,S003,2026-09-16 12:00:00,50,MOBILE_MONEY
P0000337,S003-ST0968,S003,2026-09-18 18:00:00,100,MOBILE_MONEY
P0000338,S003-ST0091,S003,2026-09-09 07:00:00,200,MOBILE_MONEY
P0000339,S003-ST0664,S003,2026-09-16 15:00:00,100,MOBILE_MONEY
P0000340,S003-ST0717,S003,2026-09-03 08:00:00,100,MOBILE_MONEY
P0000341,S003-ST0947,S003,2026-09-04 09:00:00,100,MOBILE_MONEY
P0000342,S003-ST0105,S003,2026-09-04 07:00:00,500,MOBILE_MONEY
P0000343,S003-ST0925,S003,2026-09-14 16:00:00,500,MOBILE_MONEY
P0000344,S003-ST0970,S003,2026-09-09 17:00:00,100,MOBILE_MONEY
P0000345,S003-ST0494,S003,2026-09-17 18:00:00,500,MOBILE_MONEY
P0000346,S003-ST0375,S003,2026-09-08 09:00:00,50,MOBILE_MONEY
P0000347,S003-ST0121,S003,2026-09-05 09:00:00,50,MOBILE_MONEY
P0000348,S003-ST0210,S003,2026-09-08 12:00:00,500,MOBILE_MONEY
P0000349,S003-ST0538,S003,2026-09-13 16:00:00,200,MOBILE_MONEY
P0000350,S003-ST0516,S003,2026-09-08 18:00:00,50,MOBILE_MONEY
P0000351,S003-ST0168,S003,2026-09-04 07:00:00,100,MOBILE_MONEY
P0000352,S003-ST0565,S003,2026-09-05 12:00:00,100,MOBILE_MONEY
P0000353,S003-ST0487,S003,2026-09-08 07:00:00,200,MOBILE_MONEY
P0000354,S003-ST0929,S003,2026-09-05 09:00:00,500,MOBILE_MONEY
P0000355,S003-ST0405,S003,2026-09-11 07:00:00,500,MOBILE_MONEY
P0000356,S003-ST0469,S003,2026-09-14 12:00:00,200,MOBILE_MONEY
P0000357,S003-ST0217,S003,2026-09-08 08:00:00,50,MOBILE_MONEY
P0000358,S003-ST0652,S003,2026-09-15 18:00:00,200,MOBILE_MONEY
P0000359,S003-ST0352,S003,2026-09-01 11:00:00,200,MOBILE_MONEY
P0000360,S003-ST0743,S003,2026-09-14 15:00:00,100,MOBILE_MONEY
P0000361,S004-ST0693,S004,2026-09-03 19:00:00,100,MOBILE_MONEY
P0000362,S004-ST0971,S004,2026-09-19 19:00:00,500,MOBILE_MONEY
P0000363,S004-ST0958,S004,2026-09-18 19:00:00,200,MOBILE_MONEY
P0000364,S004-ST0915,S004,2026-09-07 07:00:00,500,MOBILE_MONEY
P0000365,S004-ST0917,S004,2026-09-08 17:00:00,500,MOBILE_MONEY
P0000366,S004-ST0714,S004,2026-09-10 16:00:00,50,MOBILE_MONEY
P0000367,S004-ST0328,S004,2026-09-06 07:00:00,500,MOBILE_MONEY
P0000368,S004-ST0329,S004,2026-09-13 12:00:00,200,MOBILE_MONEY
P0000369,S004-ST0444,S004,2026-09-17 14:00:00,200,MOBILE_MONEY
P0000370,S004-ST0082,S004,2026-09-05 10:00:00,200,MOBILE_MONEY
P0000371,S004-ST0816,S004,2026-09-18 10:00:00,50,MOBILE_MONEY
P0000372,S004-ST0606,S004,2026-09-10 10:00:00,100,MOBILE_MONEY
P0000373,S004-ST0243,S004,2026-09-20 11:00:00,200,MOBILE_MONEY
P0000374,S004-ST0665,S004,2026-09-02 09:00:00,200,MOBILE_MONEY
P0000375,S004-ST0697,S004,2026-09-06 15:00:00,100,MOBILE_MONEY
P0000376,S004-ST0067,S004,2026-09-06 11:00:00,100,MOBILE_MONEY
P0000377,S004-ST0296,S004,2026-09-18 07:00:00,200,MOBILE_MONEY
P0000378,S004-ST0600,S004,2026-09-08 15:00:00,50,MOBILE_MONEY
P0000379,S004-ST0637,S004,2026-09-17 12:00:00,50,MOBILE_MONEY
P0000380,S004-ST0481,S004,2026-09-08 18:00:00,100,MOBILE_MONEY
P0000381,S004-ST0826,S004,2026-09-16 12:00:00,50,MOBILE_MONEY
P0000382,S004-ST0647,S004,2026-09-09 18:00:00,50,MOBILE_MONEY
P0000383,S004-ST0593,S004,2026-09-04 16:00:00,500,MOBILE_MONEY
P0000384,S004-ST0632,S004,2026-09-02 16:00:00,200,MOBILE_MONEY
P0000385,S004-ST0853,S004,2026-09-12 17:00:00,100,MOBILE_MONEY
P0000386,S004-ST0427,S004,2026-09-20 19:00:00,200,MOBILE_MONEY
P0000387,S004-ST0942,S004,2026-09-05 09:00:00,50,MOBILE_MONEY
P0000388,S004-ST0908,S004,2026-09-08 18:00:00,100,MOBILE_MONEY
P0000389,S004-ST0308,S004,2026-09-05 07:00:00,100,MOBILE_MONEY
P0000390,S004-ST0072,S004,2026-09-18 14:00:00,200,MOBILE_MONEY
P0000391,S004-ST0531,S004,2026-09-20 07:00:00,200,MOBILE_MONEY
P0000392,S004-ST0088,S004,2026-09-11 08:00:00,100,MOBILE_MONEY
P0000393,S004-ST0403,S004,2026-09-05 09:00:00,500,MOBILE_MONEY
P0000394,S004-ST0358,S004,2026-09-10 09:00:00,200,MOBILE_MONEY
P0000395,S004-ST0920,S004,2026-09-10 10:00:00,50,MOBILE_MONEY
P0000396,S004-ST0320,S004,2026-09-16 14:00:00,50,MOBILE_MONEY
P0000397,S004-ST0053,S004,2026-09-06 12:00:00,500,MOBILE_MONEY
P0000398,S004-ST0405,S004,2026-09-13 08:00:00,200,MOBILE_MONEY
P0000399,S004-ST0292,S004,2026-09-20 13:00:00,100,MOBILE_MONEY
P0000400,S004-ST0097,S004,2026-09-16 16:00:00,200,MOBILE_MONEY
P0000401,S004-ST0737,S004,2026-09-17 07:00:00,100,MOBILE_MONEY
P0000402,S004-ST0779,S004,2026-09-05 09:00:00,500,MOBILE_MONEY
P0000403,S004-ST0946,S004,2026-09-19 15:00:00,500,MOBILE_MONEY
P0000404,S004-ST0348,S004,2026-09-19 16:00:00,500,MOBILE_MONEY
P0000405,S004-ST0255,S004,2026-09-12 13:00:00,200,MOBILE_MONEY
P0000406,S004-ST0393,S004,2026-09-16 08:00:00,100,MOBILE_MONEY
P0000407,S004-ST0558,S004,2026-09-03 19:00:00,50,MOBILE_MONEY
P0000408,S004-ST0416,S004,2026-09-20 12:00:00,100,MOBILE_MONEY
P0000409,S004-ST0283,S004,2026-09-14 09:00:00,200,MOBILE_MONEY
P0000410,S004-ST0560,S004,2026-09-01 12:00:00,200,MOBILE_MONEY
P0000411,S004-ST0116,S004,2026-09-04 09:00:00,200,MOBILE_MONEY
P0000412,S004-ST0539,S004,2026-09-10 15:00:00,500,MOBILE_MONEY
P0000413,S004-ST0900,S004,2026-09-02 09:00:00,100,MOBILE_MONEY
P0000414,S004-ST0314,S004,2026-09-16 16:00:00,500,MOBILE_MONEY
P0000415,S004-ST0940,S004,2026-09-13 11:00:00,500,MOBILE_MONEY
P0000416,S004-ST0456,S004,2026-09-05 12:00:00,500,MOBILE_MONEY
P0000417,S004-ST0024,S004,2026-09-06 11:00:00,500,MOBILE_MONEY
P0000418,S004-ST0120,S004,2026-09-07 07:00:00,100,MOBILE_MONEY
P0000419,S004-ST0557,S004,2026-09-18 07:00:00,100,MOBILE_MONEY
P0000420,S004-ST0922,S004,2026-09-11 11:00:00,200,MOBILE_MONEY
P0000421,S004-ST0564,S004,2026-09-08 13:00:00,500,MOBILE_MONEY
P0000422,S004-ST0580,S004,2026-09-14 16:00:00,200,MOBILE_MONEY
P0000423,S004-ST0973,S004,2026-09-03 09:00:00,50,MOBILE_MONEY
P0000424,S004-ST0535,S004,2026-09-18 07:00:00,500,MOBILE_MONEY
P0000425,S004-ST0965,S004,2026-09-07 19:00:00,100,MOBILE_MONEY
P0000426,S004-ST0449,S004,2026-09-04 08:00:00,500,MOBILE_MONEY
P0000427,S004-ST0522,S004,2026-09-18 14:00:00,200,MOBILE_MONEY
P0000428,S004-ST0286,S004,2026-09-07 09:00:00,100,MOBILE_MONEY
P0000429,S004-ST0358,S004,2026-09-05 18:00:00,100,MOBILE_MONEY
P0000430,S004-ST0949,S004,2026-09-02 16:00:00,500,MOBILE_MONEY
P0000431,S004-ST0186,S004,2026-09-05 12:00:00,50,MOBILE_MONEY
P0000432,S004-ST0678,S004,2026-09-14 10:00:00,50,MOBILE_MONEY
P0000433,S004-ST0620,S004,2026-09-11 19:00:00,200,MOBILE_MONEY
P0000434,S004-ST0616,S004,2026-09-16 09:00:00,100,MOBILE_MONEY
P0000435,S004-ST0627,S004,2026-09-16 16:00:00,500,MOBILE_MONEY
P0000436,S004-ST0317,S004,2026-09-18 08:00:00,50,MOBILE_MONEY
P0000437,S004-ST0176,S004,2026-09-12 09:00:00,100,MOBILE_MONEY
P0000438,S004-ST0135,S004,2026-09-11 08:00:00,50,MOBILE_MONEY
P0000439,S004-ST0809,S004,2026-09-12 09:00:00,200,MOBILE_MONEY
P0000440,S004-ST0324,S004,2026-09-01 15:00:00,100,MOBILE_MONEY
P0000441,S004-ST0893,S004,2026-09-03 11:00:00,200,MOBILE_MONEY
P0000442,S004-ST0289,S004,2026-09-14 07:00:00,100,MOBILE_MONEY
P0000443,S004-ST0539,S004,2026-09-15 19:00:00,100,MOBILE_MONEY
P0000444,S004-ST0858,S004,2026-09-04 11:00:00,200,MOBILE_MONEY
P0000445,S004-ST0216,S004,2026-09-04 09:00:00,100,MOBILE_MONEY
P0000446,S004-ST0377,S004,2026-09-05 18:00:00,500,MOBILE_MONEY
P0000447,S004-ST0073,S004,2026-09-08 18:00:00,50,MOBILE_MONEY
P0000448,S004-ST0066,S004,2026-09-02 07:00:00,500,MOBILE_MONEY
P0000449,S004-ST0779,S004,2026-09-11 12:00:00,50,MOBILE_MONEY
P0000450,S004-ST0422,S004,2026-09-06 07:00:00,50,MOBILE_MONEY
P0000451,S004-ST0140,S004,2026-09-14 14:00:00,500,MOBILE_MONEY
P0000452,S004-ST0494,S004,2026-09-17 18:00:00,500,MOBILE_MONEY
P0000453,S004-ST0366,S004,2026-09-08 12:00:00,100,MOBILE_MONEY
P0000454,S004-ST0358,S004,2026-09-02 15:00:00,200,MOBILE_MONEY
P0000455,S004-ST0626,S004,2026-09-08 10:00:00,50,MOBILE_MONEY
P0000456,S004-ST0200,S004,2026-09-15 12:00:00,200,MOBILE_MONEY
P0000457,S004-ST0261,S004,2026-09-02 18:00:00,500,MOBILE_MONEY
P0000458,S004-ST0137,S004,2026-09-15 13:00:00,50,MOBILE_MONEY
P0000459,S004-ST0286,S004,2026-09-15 19:00:00,50,MOBILE_MONEY
P0000460,S004-ST0120,S004,2026-09-01 18:00:00,50,MOBILE_MONEY
P0000461,S004-ST0139,S004,2026-09-20 10:00:00,200,MOBILE_MONEY
P0000462,S004-ST0285,S004,2026-09-11 14:00:00,100,MOBILE_MONEY
P0000463,S004-ST0767,S004,2026-09-19 08:00:00,200,MOBILE_MONEY
P0000464,S004-ST0657,S004,2026-09-10 17:00:00,200,MOBILE_MONEY
P0000465,S004-ST0506,S004,2026-09-16 16:00:00,200,MOBILE_MONEY
P0000466,S004-ST0189,S004,2026-09-11 07:00:00,100,MOBILE_MONEY
P0000467,S004-ST0593,S004,2026-09-10 07:00:00,50,MOBILE_MONEY
P0000468,S004-ST0371,S004,2026-09-02 18:00:00,200,MOBILE_MONEY
P0000469,S004-ST0786,S004,2026-09-12 14:00:00,50,MOBILE_MONEY
P0000470,S004-ST0202,S004,2026-09-05 16:00:00,100,MOBILE_MONEY
P0000471,S004-ST0898,S004,2026-09-20 11:00:00,50,MOBILE_MONEY
P0000472,S004-ST0144,S004,2026-09-09 11:00:00,100,MOBILE_MONEY
P0000473,S004-ST0452,S004,2026-09-19 12:00:00,100,MOBILE_MONEY
P0000474,S004-ST0159,S004,2026-09-18 16:00:00,100,MOBILE_MONEY
P0000475,S004-ST0043,S004,2026-09-18 08:00:00,200,MOBILE_MONEY
P0000476,S004-ST0713,S004,2026-09-19 12:00:00,500,MOBILE_MONEY
P0000477,S004-ST0524,S004,2026-09-08 08:00:00,100,MOBILE_MONEY
P0000478,S004-ST0254,S004,2026-09-04 09:00:00,50,MOBILE_MONEY
P0000479,S004-ST0158,S004,2026-09-02 11:00:00,100,MOBILE_MONEY
P0000480,S004-ST0660,S004,2026-09-15 10:00:00,100,MOBILE_MONEY
P0000481,S005-ST0916,S005,2026-09-08 08:00:00,50,MOBILE_MONEY
P0000482,S005-ST0869,S005,2026-09-05 17:00:00,500,MOBILE_MONEY
P0000483,S005-ST0750,S005,2026-09-16 12:00:00,100,MOBILE_MONEY
P0000484,S005-ST0712,S005,2026-09-14 17:00:00,50,MOBILE_MONEY
P0000485,S005-ST0476,S005,2026-09-10 15:00:00,50,MOBILE_MONEY
P0000486,S005-ST0746,S005,2026-09-04 19:00:00,50,MOBILE_MONEY
P0000487,S005-ST0615,S005,2026-09-07 08:00:00,100,MOBILE_MONEY
P0000488,S005-ST0987,S005,2026-09-18 17:00:00,50,MOBILE_MONEY
P0000489,S005-ST0851,S005,2026-09-12 13:00:00,100,MOBILE_MONEY
P0000490,S005-ST0090,S005,2026-09-08 14:00:00,50,MOBILE_MONEY
P0000491,S005-ST0161,S005,2026-09-20 07:00:00,500,MOBILE_MONEY
P0000492,S005-ST0651,S005,2026-09-07 17:00:00,200,MOBILE_MONEY
P0000493,S005-ST0785,S005,2026-09-12 12:00:00,100,MOBILE_MONEY
P0000494,S005-ST0408,S005,2026-09-09 09:00:00,200,MOBILE_MONEY
P0000495,S005-ST0941,S005,2026-09-20 09:00:00,100,MOBILE_MONEY
P0000496,S005-ST0321,S005,2026-09-01 18:00:00,50,MOBILE_MONEY
P0000497,S005-ST0376,S005,2026-09-03 14:00:00,200,MOBILE_MONEY
P0000498,S005-ST0872,S005,2026-09-05 14:00:00,100,MOBILE_MONEY
P0000499,S005-ST0427,S005,2026-09-10 17:00:00,200,MOBILE_MONEY
P0000500,S005-ST0426,S005,2026-09-18 18:00:00,100,MOBILE_MONEY
P0000501,S005-ST0511,S005,2026-09-13 11:00:00,100,MOBILE_MONEY
P0000502,S005-ST0824,S005,2026-09-05 07:00:00,200,MOBILE_MONEY
P0000503,S005-ST0042,S005,2026-09-13 11:00:00,100,MOBILE_MONEY
P0000504,S005-ST0464,S005,2026-09-03 16:00:00,50,MOBILE_MONEY
P0000505,S005-ST0460,S005,2026-09-07 12:00:00,100,MOBILE_MONEY
P0000506,S005-ST0137,S005,2026-09-07 09:00:00,500,MOBILE_MONEY
P0000507,S005-ST0905,S005,2026-09-08 13:00:00,100,MOBILE_MONEY
P0000508,S005-ST0585,S005,2026-09-05 17:00:00,200,MOBILE_MONEY
P0000509,S005-ST0292,S005,2026-09-10 18:00:00,50,MOBILE_MONEY
P0000510,S005-ST0865,S005,2026-09-07 19:00:00,500,MOBILE_MONEY
P0000511,S005-ST0710,S005,2026-09-12 08:00:00,200,MOBILE_MONEY
P0000512,S005-ST0298,S005,2026-09-10 09:00:00,200,MOBILE_MONEY
P0000513,S005-ST0003,S005,2026-09-06 17:00:00,200,MOBILE_MONEY
P0000514,S005-ST0485,S005,2026-09-03 08:00:00,100,MOBILE_MONEY
P0000515,S005-ST0515,S005,2026-09-17 15:00:00,500,MOBILE_MONEY
P0000516,S005-ST0623,S005,2026-09-02 18:00:00,500,MOBILE_MONEY
P0000517,S005-ST0229,S005,2026-09-01 16:00:00,200,MOBILE_MONEY
P0000518,S005-ST0346,S005,2026-09-14 16:00:00,500,MOBILE_MONEY
P0000519,S005-ST0879,S005,2026-09-04 17:00:00,50,MOBILE_MONEY
P0000520,S005-ST0064,S005,2026-09-07 08:00:00,500,MOBILE_MONEY
P0000521,S005-ST0763,S005,2026-09-07 12:00:00,200,MOBILE_MONEY
P0000522,S005-ST0432,S005,2026-09-11 15:00:00,200,MOBILE_MONEY
P0000523,S005-ST0812,S005,2026-09-10 19:00:00,100,MOBILE_MONEY
P0000524,S005-ST0123,S005,2026-09-19 17:00:00,100,MOBILE_MONEY
P0000525,S005-ST0632,S005,2026-09-03 10:00:00,500,MOBILE_MONEY
P0000526,S005-ST0991,S005,2026-09-18 10:00:00,500,MOBILE_MONEY
P0000527,S005-ST0438,S005,2026-09-07 09:00:00,200,MOBILE_MONEY
P0000528,S005-ST0646,S005,2026-09-18 07:00:00,100,MOBILE_MONEY
P0000529,S005-ST0380,S005,2026-09-11 11:00:00,200,MOBILE_MONEY
P0000530,S005-ST0638,S005,2026-09-10 09:00:00,200,MOBILE_MONEY
P0000531,S005-ST0251,S005,2026-09-03 11:00:00,50,MOBILE_MONEY
P0000532,S005-ST0989,S005,2026-09-15 14:00:00,200,MOBILE_MONEY
P0000533,S005-ST0277,S005,2026-09-03 07:00:00,200,MOBILE_MONEY
P0000534,S005-ST0981,S005,2026-09-15 15:00:00,200,MOBILE_MONEY
P0000535,S005-ST0983,S005,2026-09-05 07:00:00,50,MOBILE_MONEY
P0000536,S005-ST0196,S005,2026-09-05 08:00:00,200,MOBILE_MONEY
P0000537,S005-ST0498,S005,2026-09-08 11:00:00,50,MOBILE_MONEY
P0000538,S005-ST0699,S005,2026-09-01 07:00:00,200,MOBILE_MONEY
P0000539,S005-ST0387,S005,2026-09-08 16:00:00,500,MOBILE_MONEY
P0000540,S005-ST0432,S005,2026-09-05 19:00:00,500,MOBILE_MONEY
P0000541,S005-ST0270,S005,2026-09-20 07:00:00,100,MOBILE_MONEY
P0000542,S005-ST0849,S005,2026-09-15 15:00:00,200,MOBILE_MONEY
P0000543,S005-ST0334,S005,2026-09-15 18:00:00,500,MOBILE_MONEY
P0000544,S005-ST0027,S005,2026-09-18 13:00:00,50,MOBILE_MONEY
P0000545,S005-ST0857,S005,2026-09-06 13:00:00,500,MOBILE_MONEY
P0000546,S005-ST0189,S005,2026-09-08 07:00:00,100,MOBILE_MONEY
P0000547,S005-ST0592,S005,2026-09-20 18:00:00,50,MOBILE_MONEY
P0000548,S005-ST0863,S005,2026-09-08 18:00:00,50,MOBILE_MONEY
P0000549,S005-ST0707,S005,2026-09-01 10:00:00,100,MOBILE_MONEY
P0000550,S005-ST0571,S005,2026-09-14 14:00:00,500,MOBILE_MONEY
P0000551,S005-ST0740,S005,2026-09-01 13:00:00,50,MOBILE_MONEY
P0000552,S005-ST0918,S005,2026-09-20 11:00:00,50,MOBILE_MONEY
P0000553,S005-ST0311,S005,2026-09-05 11:00:00,50,MOBILE_MONEY
P0000554,S005-ST0387,S005,2026-09-04 12:00:00,500,MOBILE_MONEY
P0000555,S005-ST0072,S005,2026-09-11 10:00:00,50,MOBILE_MONEY
P0000556,S005-ST0042,S005,2026-09-08 07:00:00,100,MOBILE_MONEY
P0000557,S005-ST0289,S005,2026-09-19 07:00:00,100,MOBILE_MONEY
P0000558,S005-ST0238,S005,2026-09-19 16:00:00,500,MOBILE_MONEY
P0000559,S005-ST0897,S005,2026-09-18 10:00:00,200,MOBILE_MONEY
P0000560,S005-ST0474,S005,2026-09-14 18:00:00,200,MOBILE_MONEY
P0000561,S005-ST0525,S005,2026-09-02 18:00:00,200,MOBILE_MONEY
P0000562,S005-ST0416,S005,2026-09-03 15:00:00,500,MOBILE_MONEY
P0000563,S005-ST0040,S005,2026-09-02 10:00:00,200,MOBILE_MONEY
P0000564,S005-ST0325,S005,2026-09-05 15:00:00,500,MOBILE_MONEY
P0000565,S005-ST0237,S005,2026-09-04 17:00:00,500,MOBILE_MONEY
P0000566,S005-ST0725,S005,2026-09-10 11:00:00,50,MOBILE_MONEY
P0000567,S005-ST0300,S005,2026-09-11 12:00:00,500,MOBILE_MONEY
P0000568,S005-ST0174,S005,2026-09-12 18:00:00,50,MOBILE_MONEY
P0000569,S005-ST0806,S005,2026-09-05 14:00:00,200,MOBILE_MONEY
P0000570,S005-ST0894,S005,2026-09-17 12:00:00,100,MOBILE_MONEY
P0000571,S005-ST0729,S005,2026-09-08 11:00:00,100,MOBILE_MONEY
P0000572,S005-ST0259,S005,2026-09-20 12:00:00,50,MOBILE_MONEY
P0000573,S005-ST0621,S005,2026-09-12 17:00:00,100,MOBILE_MONEY
P0000574,S005-ST0955,S005,2026-09-20 17:00:00,200,MOBILE_MONEY
P0000575,S005-ST0210,S005,2026-09-16 10:00:00,200,MOBILE_MONEY
P0000576,S005-ST0055,S005,2026-09-05 07:00:00,500,MOBILE_MONEY
P0000577,S005-ST0275,S005,2026-09-10 18:00:00,200,MOBILE_MONEY
P0000578,S005-ST0669,S005,2026-09-20 17:00:00,500,MOBILE_MONEY
P0000579,S005-ST0543,S005,2026-09-13 15:00:00,200,MOBILE_MONEY
P0000580,S005-ST0579,S005,2026-09-06 12:00:00,100,MOBILE_MONEY
P0000581,S005-ST0975,S005,2026-09-12 08:00:00,500,MOBILE_MONEY
P0000582,S005-ST0990,S005,2026-09-10 07:00:00,500,MOBILE_MONEY
P0000583,S005-ST0521,S005,2026-09-16 17:00:00,100,MOBILE_MONEY
P0000584,S005-ST0565,S005,2026-09-04 12:00:00,100,MOBILE_MONEY
P0000585,S005-ST0934,S005,2026-09-19 11:00:00,50,MOBILE_MONEY
P0000586,S005-ST0495,S005,2026-09-03 13:00:00,500,MOBILE_MONEY
P0000587,S005-ST0304,S005,2026-09-17 16:00:00,50,MOBILE_MONEY
P0000588,S005-ST0879,S005,2026-09-08 12:00:00,100,MOBILE_MONEY
P0000589,S005-ST0608,S005,2026-09-12 09:00:00,50,MOBILE_MONEY
P0000590,S005-ST0496,S005,2026-09-18 14:00:00,200,MOBILE_MONEY
P0000591,S005-ST0440,S005,2026-09-16 13:00:00,50,MOBILE_MONEY
P0000592,S005-ST0438,S005,2026-09-19 16:00:00,50,MOBILE_MONEY
P0000593,S005-ST0379,S005,2026-09-05 15:00:00,200,MOBILE_MONEY
P0000594,S005-ST0697,S005,2026-09-14 14:00:00,200,MOBILE_MONEY
P0000595,S005-ST0358,S005,2026-09-10 08:00:00,50,MOBILE_MONEY
P0000596,S005-ST0086,S005,2026-09-08 09:00:00,200,MOBILE_MONEY
P0000597,S005-ST0034,S005,2026-09-14 15:00:00,100,MOBILE_MONEY
P0000598,S005-ST0346,S005,2026-09-14 13:00:00,500,MOBILE_MONEY
P0000599,S005-ST0717,S005,2026-09-06 15:00:00,50,MOBILE_MONEY
P0000600,S005-ST0842,S005,2026-09-13 11:00:00,100,MOBILE_MONEY
P0000601,S006-ST0015,S006,2026-09-11 12:00:00,200,MOBILE_MONEY
P0000602,S006-ST0370,S006,2026-09-02 12:00:00,100,MOBILE_MONEY
P0000603,S006-ST0089,S006,2026-09-09 19:00:00,50,MOBILE_MONEY
P0000604,S006-ST0756,S006,2026-09-15 19:00:00,50,MOBILE_MONEY
P0000605,S006-ST0290,S006,2026-09-01 14:00:00,200,MOBILE_MONEY
P0000606,S006-ST0784,S006,2026-09-17 15:00:00,500,MOBILE_MONEY
P0000607,S006-ST0488,S006,2026-09-14 16:00:00,100,MOBILE_MONEY
P0000608,S006-ST0935,S006,2026-09-05 11:00:00,200,MOBILE_MONEY
P0000609,S006-ST0641,S006,2026-09-17 10:00:00,50,MOBILE_MONEY
P0000610,S006-ST0006,S006,2026-09-09 10:00:00,50,MOBILE_MONEY
P0000611,S006-ST0452,S006,2026-09-08 13:00:00,50,MOBILE_MONEY
P0000612,S006-ST0373,S006,2026-09-10 13:00:00,100,MOBILE_MONEY
P0000613,S006-ST0974,S006,2026-09-15 12:00:00,500,MOBILE_MONEY
P0000614,S006-ST0091,S006,2026-09-11 07:00:00,200,MOBILE_MONEY
P0000615,S006-ST0604,S006,2026-09-06 16:00:00,500,MOBILE_MONEY
P0000616,S006-ST0043,S006,2026-09-13 11:00:00,200,MOBILE_MONEY
P0000617,S006-ST0065,S006,2026-09-01 15:00:00,100,MOBILE_MONEY
P0000618,S006-ST0209,S006,2026-09-02 07:00:00,200,MOBILE_MONEY
P0000619,S006-ST0231,S006,2026-09-04 14:00:00,50,MOBILE_MONEY
P0000620,S006-ST0558,S006,2026-09-03 08:00:00,100,MOBILE_MONEY
P0000621,S006-ST0811,S006,2026-09-07 12:00:00,50,MOBILE_MONEY
P0000622,S006-ST0313,S006,2026-09-13 10:00:00,500,MOBILE_MONEY
P0000623,S006-ST0216,S006,2026-09-10 11:00:00,200,MOBILE_MONEY
P0000624,S006-ST0778,S006,2026-09-08 13:00:00,200,MOBILE_MONEY
P0000625,S006-ST0109,S006,2026-09-11 10:00:00,500,MOBILE_MONEY
P0000626,S006-ST0994,S006,2026-09-20 17:00:00,100,MOBILE_MONEY
P0000627,S006-ST0436,S006,2026-09-03 09:00:00,100,MOBILE_MONEY
P0000628,S006-ST0609,S006,2026-09-05 19:00:00,500,MOBILE_MONEY
P0000629,S006-ST0020,S006,2026-09-20 14:00:00,100,MOBILE_MONEY
P0000630,S006-ST0024,S006,2026-09-01 09:00:00,500,MOBILE_MONEY
P0000631,S006-ST0976,S006,2026-09-14 12:00:00,100,MOBILE_MONEY
P0000632,S006-ST0493,S006,2026-09-05 13:00:00,500,MOBILE_MONEY
P0000633,S006-ST0023,S006,2026-09-13 19:00:00,200,MOBILE_MONEY
P0000634,S006-ST0948,S006,2026-09-13 17:00:00,50,MOBILE_MONEY
P0000635,S006-ST0054,S006,2026-09-19 10:00:00,500,MOBILE_MONEY
P0000636,S006-ST0343,S006,2026-09-05 18:00:00,100,MOBILE_MONEY
P0000637,S006-ST0446,S006,2026-09-08 16:00:00,100,MOBILE_MONEY
P0000638,S006-ST0145,S006,2026-09-17 15:00:00,200,MOBILE_MONEY
P0000639,S006-ST0083,S006,2026-09-09 10:00:00,100,MOBILE_MONEY
P0000640,S006-ST0978,S006,2026-09-01 16:00:00,100,MOBILE_MONEY
P0000641,S006-ST0360,S006,2026-09-12 19:00:00,100,MOBILE_MONEY
P0000642,S006-ST0466,S006,2026-09-03 12:00:00,500,MOBILE_MONEY
P0000643,S006-ST0606,S006,2026-09-14 07:00:00,500,MOBILE_MONEY
P0000644,S006-ST0196,S006,2026-09-07 14:00:00,500,MOBILE_MONEY
P0000645,S006-ST0529,S006,2026-09-04 15:00:00,500,MOBILE_MONEY
P0000646,S006-ST0902,S006,2026-09-14 13:00:00,500,MOBILE_MONEY
P0000647,S006-ST0016,S006,2026-09-05 14:00:00,200,MOBILE_MONEY
P0000648,S006-ST0247,S006,2026-09-11 07:00:00,500,MOBILE_MONEY
P0000649,S006-ST0672,S006,2026-09-08 09:00:00,100,MOBILE_MONEY
P0000650,S006-ST0899,S006,2026-09-02 12:00:00,100,MOBILE_MONEY
P0000651,S006-ST0411,S006,2026-09-07 08:00:00,50,MOBILE_MONEY
P0000652,S006-ST0245,S006,2026-09-02 11:00:00,50,MOBILE_MONEY
P0000653,S006-ST0791,S006,2026-09-09 09:00:00,100,MOBILE_MONEY
P0000654,S006-ST0747,S006,2026-09-08 15:00:00,50,MOBILE_MONEY
P0000655,S006-ST0821,S006,2026-09-19 13:00:00,50,MOBILE_MONEY
P0000656,S006-ST0553,S006,2026-09-10 15:00:00,100,MOBILE_MONEY
P0000657,S006-ST0432,S006,2026-09-02 13:00:00,200,MOBILE_MONEY
P0000658,S006-ST0694,S006,2026-09-10 07:00:00,100,MOBILE_MONEY
P0000659,S006-ST0131,S006,2026-09-04 17:00:00,200,MOBILE_MONEY
P0000660,S006-ST0644,S006,2026-09-11 18:00:00,500,MOBILE_MONEY
P0000661,S006-ST0551,S006,2026-09-04 10:00:00,500,MOBILE_MONEY
P0000662,S006-ST0129,S006,2026-09-09 12:00:00,200,MOBILE_MONEY
P0000663,S006-ST0798,S006,2026-09-17 19:00:00,50,MOBILE_MONEY
P0000664,S006-ST0609,S006,2026-09-13 14:00:00,500,MOBILE_MONEY
P0000665,S006-ST0674,S006,2026-09-08 16:00:00,200,MOBILE_MONEY
P0000666,S006-ST0343,S006,2026-09-01 11:00:00,100,MOBILE_MONEY
P0000667,S006-ST0931,S006,2026-09-20 14:00:00,500,MOBILE_MONEY
P0000668,S006-ST0407,S006,2026-09-15 08:00:00,100,MOBILE_MONEY
P0000669,S006-ST0742,S006,2026-09-13 09:00:00,100,MOBILE_MONEY
P0000670,S006-ST0232,S006,2026-09-09 18:00:00,100,MOBILE_MONEY
P0000671,S006-ST0010,S006,2026-09-16 11:00:00,500,MOBILE_MONEY
P0000672,S006-ST0911,S006,2026-09-02 12:00:00,200,MOBILE_MONEY
P0000673,S006-ST0704,S006,2026-09-02 18:00:00,100,MOBILE_MONEY
P0000674,S006-ST0697,S006,2026-09-03 10:00:00,50,MOBILE_MONEY
P0000675,S006-ST0353,S006,2026-09-09 16:00:00,500,MOBILE_MONEY
P0000676,S006-ST0160,S006,2026-09-03 16:00:00,500,MOBILE_MONEY
P0000677,S006-ST0102,S006,2026-09-18 13:00:00,200,MOBILE_MONEY
P0000678,S006-ST0134,S006,2026-09-05 19:00:00,100,MOBILE_MONEY
P0000679,S006-ST0105,S006,2026-09-18 12:00:00,50,MOBILE_MONEY
P0000680,S006-ST0345,S006,2026-09-19 12:00:00,500,MOBILE_MONEY
P0000681,S006-ST0409,S006,2026-09-08 18:00:00,200,MOBILE_MONEY
P0000682,S006-ST0870,S006,2026-09-02 07:00:00,50,MOBILE_MONEY
P0000683,S006-ST0104,S006,2026-09-02 18:00:00,50,MOBILE_MONEY
P0000684,S006-ST0179,S006,2026-09-17 12:00:00,500,MOBILE_MONEY
P0000685,S006-ST0323,S006,2026-09-18 09:00:00,500,MOBILE_MONEY
P0000686,S006-ST0669,S006,2026-09-19 16:00:00,100,MOBILE_MONEY
P0000687,S006-ST0291,S006,2026-09-19 10:00:00,100,MOBILE_MONEY
P0000688,S006-ST0580,S006,2026-09-19 13:00:00,500,MOBILE_MONEY
P0000689,S006-ST0532,S006,2026-09-02 08:00:00,50,MOBILE_MONEY
P0000690,S006-ST0567,S006,2026-09-16 11:00:00,50,MOBILE_MONEY
P0000691,S006-ST0768,S006,2026-09-09 11:00:00,100,MOBILE_MONEY
P0000692,S006-ST0192,S006,2026-09-04 18:00:00,100,MOBILE_MONEY
P0000693,S006-ST0534,S006,2026-09-03 19:00:00,100,MOBILE_MONEY
P0000694,S006-ST0056,S006,2026-09-16 18:00:00,500,MOBILE_MONEY
P0000695,S006-ST0246,S006,2026-09-16 09:00:00,200,MOBILE_MONEY
P0000696,S006-ST0244,S006,2026-09-11 15:00:00,500,MOBILE_MONEY
P0000697,S006-ST0166,S006,2026-09-03 15:00:00,500,MOBILE_MONEY
P0000698,S006-ST0161,S006,2026-09-01 08:00:00,500,MOBILE_MONEY
P0000699,S006-ST0114,S006,2026-09-04 18:00:00,50,MOBILE_MONEY
P0000700,S006-ST0194,S006,2026-09-05 14:00:00,50,MOBILE_MONEY
P0000701,S006-ST0623,S006,2026-09-19 13:00:00,500,MOBILE_MONEY
P0000702,S006-ST0423,S006,2026-09-16 13:00:00,100,MOBILE_MONEY
P0000703,S006-ST0715,S006,2026-09-13 07:00:00,200,MOBILE_MONEY
P0000704,S006-ST0922,S006,2026-09-13 16:00:00,100,MOBILE_MONEY
P0000705,S006-ST0394,S006,2026-09-09 11:00:00,50,MOBILE_MONEY
P0000706,S006-ST0350,S006,2026-09-14 09:00:00,200,MOBILE_MONEY
P0000707,S006-ST0781,S006,2026-09-06 15:00:00,100,MOBILE_MONEY
P0000708,S006-ST0874,S006,2026-09-07 16:00:00,500,MOBILE_MONEY
P0000709,S006-ST0126,S006,2026-09-08 14:00:00,200,MOBILE_MONEY
P0000710,S006-ST0240,S006,2026-09-12 15:00:00,100,MOBILE_MONEY
P0000711,S006-ST0306,S006,2026-09-07 17:00:00,200,MOBILE_MONEY
P0000712,S006-ST0894,S006,2026-09-11 18:00:00,200,MOBILE_MONEY
P0000713,S006-ST0645,S006,2026-09-18 12:00:00,500,MOBILE_MONEY
P0000714,S006-ST0987,S006,2026-09-12 11:00:00,100,MOBILE_MONEY
P0000715,S006-ST0100,S006,2026-09-16 07:00:00,500,MOBILE_MONEY
P0000716,S006-ST0140,S006,2026-09-11 19:00:00,100,MOBILE_MONEY
P0000717,S006-ST0759,S006,2026-09-05 11:00:00,100,MOBILE_MONEY
P0000718,S006-ST0204,S006,2026-09-15 11:00:00,500,MOBILE_MONEY
P0000719,S006-ST0077,S006,2026-09-05 14:00:00,100,MOBILE_MONEY
P0000720,S006-ST0851,S006,2026-09-16 16:00:00,200,MOBILE_MONEY
P0000721,S007-ST0298,S007,2026-09-09 19:00:00,200,MOBILE_MONEY
P0000722,S007-ST0601,S007,2026-09-18 18:00:00,50,MOBILE_MONEY
P0000723,S007-ST0527,S007,2026-09-02 09:00:00,100,MOBILE_MONEY
P0000724,S007-ST0400,S007,2026-09-05 18:00:00,200,MOBILE_MONEY
P0000725,S007-ST0668,S007,2026-09-15 14:00:00,500,MOBILE_MONEY
P0000726,S007-ST0524,S007,2026-09-18 10:00:00,50,MOBILE_MONEY
P0000727,S007-ST0106,S007,2026-09-20 17:00:00,200,MOBILE_MONEY
P0000728,S007-ST0404,S007,2026-09-20 08:00:00,50,MOBILE_MONEY
P0000729,S007-ST0547,S007,2026-09-17 09:00:00,500,MOBILE_MONEY
P0000730,S007-ST0737,S007,2026-09-03 08:00:00,200,MOBILE_MONEY
P0000731,S007-ST0813,S007,2026-09-20 15:00:00,200,MOBILE_MONEY
P0000732,S007-ST0942,S007,2026-09-01 15:00:00,500,MOBILE_MONEY
P0000733,S007-ST0374,S007,2026-09-01 19:00:00,200,MOBILE_MONEY
P0000734,S007-ST0808,S007,2026-09-19 11:00:00,50,MOBILE_MONEY
P0000735,S007-ST0469,S007,2026-09-13 19:00:00,50,MOBILE_MONEY
P0000736,S007-ST0781,S007,2026-09-16 18:00:00,200,MOBILE_MONEY
P0000737,S007-ST0362,S007,2026-09-02 07:00:00,50,MOBILE_MONEY
P0000738,S007-ST0315,S007,2026-09-01 09:00:00,100,MOBILE_MONEY
P0000739,S007-ST0147,S007,2026-09-17 13:00:00,200,MOBILE_MONEY
P0000740,S007-ST0722,S007,2026-09-15 14:00:00,50,MOBILE_MONEY
P0000741,S007-ST0155,S007,2026-09-19 14:00:00,500,MOBILE_MONEY
P0000742,S007-ST0138,S007,2026-09-11 08:00:00,200,MOBILE_MONEY
P0000743,S007-ST0979,S007,2026-09-10 18:00:00,100,MOBILE_MONEY
P0000744,S007-ST0779,S007,2026-09-11 18:00:00,500,MOBILE_MONEY
P0000745,S007-ST0026,S007,2026-09-17 18:00:00,200,MOBILE_MONEY
P0000746,S007-ST0786,S007,2026-09-04 07:00:00,200,MOBILE_MONEY
P0000747,S007-ST0947,S007,2026-09-10 11:00:00,500,MOBILE_MONEY
P0000748,S007-ST0567,S007,2026-09-15 10:00:00,200,MOBILE_MONEY
P0000749,S007-ST0329,S007,2026-09-08 08:00:00,100,MOBILE_MONEY
P0000750,S007-ST0198,S007,2026-09-02 14:00:00,100,MOBILE_MONEY
P0000751,S007-ST0557,S007,2026-09-08 11:00:00,50,MOBILE_MONEY
P0000752,S007-ST0934,S007,2026-09-11 10:00:00,100,MOBILE_MONEY
P0000753,S007-ST0598,S007,2026-09-05 12:00:00,200,MOBILE_MONEY
P0000754,S007-ST0918,S007,2026-09-02 19:00:00,500,MOBILE_MONEY
P0000755,S007-ST0405,S007,2026-09-09 17:00:00,500,MOBILE_MONEY
P0000756,S007-ST0690,S007,2026-09-14 15:00:00,100,MOBILE_MONEY
P0000757,S007-ST0346,S007,2026-09-14 19:00:00,200,MOBILE_MONEY
P0000758,S007-ST0356,S007,2026-09-18 15:00:00,50,MOBILE_MONEY
P0000759,S007-ST0510,S007,2026-09-11 16:00:00,200,MOBILE_MONEY
P0000760,S007-ST0275,S007,2026-09-17 08:00:00,50,MOBILE_MONEY
P0000761,S007-ST0161,S007,2026-09-15 11:00:00,500,MOBILE_MONEY
P0000762,S007-ST0199,S007,2026-09-08 09:00:00,500,MOBILE_MONEY
P0000763,S007-ST0761,S007,2026-09-17 12:00:00,50,MOBILE_MONEY
P0000764,S007-ST0186,S007,2026-09-07 19:00:00,50,MOBILE_MONEY
P0000765,S007-ST0255,S007,2026-09-09 12:00:00,100,MOBILE_MONEY
P0000766,S007-ST0846,S007,2026-09-03 10:00:00,200,MOBILE_MONEY
P0000767,S007-ST0651,S007,2026-09-18 13:00:00,50,MOBILE_MONEY
P0000768,S007-ST0308,S007,2026-09-14 08:00:00,200,MOBILE_MONEY
P0000769,S007-ST0982,S007,2026-09-06 11:00:00,100,MOBILE_MONEY
P0000770,S007-ST0842,S007,2026-09-02 11:00:00,100,MOBILE_MONEY
P0000771,S007-ST0411,S007,2026-09-15 12:00:00,50,MOBILE_MONEY
P0000772,S007-ST0061,S007,2026-09-14 10:00:00,50,MOBILE_MONEY
P0000773,S007-ST0320,S007,2026-09-02 07:00:00,50,MOBILE_MONEY
P0000774,S007-ST0972,S007,2026-09-10 19:00:00,50,MOBILE_MONEY
P0000775,S007-ST0128,S007,2026-09-14 19:00:00,50,MOBILE_MONEY
P0000776,S007-ST0497,S007,2026-09-06 09:00:00,100,MOBILE_MONEY
P0000777,S007-ST0937,S007,2026-09-02 10:00:00,50,MOBILE_MONEY
P0000778,S007-ST0771,S007,2026-09-11 09:00:00,100,MOBILE_MONEY
P0000779,S007-ST0603,S007,2026-09-06 09:00:00,100,MOBILE_MONEY
P0000780,S007-ST0942,S007,2026-09-11 19:00:00,500,MOBILE_MONEY
P0000781,S007-ST0207,S007,2026-09-08 14:00:00,500,MOBILE_MONEY
P0000782,S007-ST0680,S007,2026-09-13 08:00:00,200,MOBILE_MONEY
P0000783,S007-ST0835,S007,2026-09-09 09:00:00,200,MOBILE_MONEY
P0000784,S007-ST0701,S007,2026-09-16 17:00:00,200,MOBILE_MONEY
P0000785,S007-ST0544,S007,2026-09-08 19:00:00,100,MOBILE_MONEY
P0000786,S007-ST0383,S007,2026-09-05 11:00:00,500,MOBILE_MONEY
P0000787,S007-ST0492,S007,2026-09-09 09:00:00,500,MOBILE_MONEY
P0000788,S007-ST0603,S007,2026-09-17 16:00:00,500,MOBILE_MONEY
P0000789,S007-ST0092,S007,2026-09-15 13:00:00,200,MOBILE_MONEY
P0000790,S007-ST0168,S007,2026-09-14 17:00:00,500,MOBILE_MONEY
P0000791,S007-ST0716,S007,2026-09-18 14:00:00,50,MOBILE_MONEY
P0000792,S007-ST0931,S007,2026-09-10 18:00:00,200,MOBILE_MONEY
P0000793,S007-ST0687,S007,2026-09-15 09:00:00,500,MOBILE_MONEY
P0000794,S007-ST0134,S007,2026-09-16 16:00:00,500,MOBILE_MONEY
P0000795,S007-ST0799,S007,2026-09-15 19:00:00,200,MOBILE_MONEY
P0000796,S007-ST0735,S007,2026-09-18 09:00:00,200,MOBILE_MONEY
P0000797,S007-ST0356,S007,2026-09-13 11:00:00,100,MOBILE_MONEY
P0000798,S007-ST0439,S007,2026-09-13 13:00:00,500,MOBILE_MONEY
P0000799,S007-ST0327,S007,2026-09-13 09:00:00,50,MOBILE_MONEY
P0000800,S007-ST0091,S007,2026-09-12 07:00:00,100,MOBILE_MONEY
P0000801,S007-ST0758,S007,2026-09-12 07:00:00,200,MOBILE_MONEY
P0000802,S007-ST0339,S007,2026-09-08 13:00:00,500,MOBILE_MONEY
P0000803,S007-ST0668,S007,2026-09-14 12:00:00,50,MOBILE_MONEY
P0000804,S007-ST0867,S007,2026-09-19 19:00:00,50,MOBILE_MONEY
P0000805,S007-ST0927,S007,2026-09-02 15:00:00,50,MOBILE_MONEY
P0000806,S007-ST0434,S007,2026-09-09 14:00:00,500,MOBILE_MONEY
P0000807,S007-ST0383,S007,2026-09-17 17:00:00,500,MOBILE_MONEY
P0000808,S007-ST0659,S007,2026-09-15 18:00:00,100,MOBILE_MONEY
P0000809,S007-ST0769,S007,2026-09-14 19:00:00,100,MOBILE_MONEY
P0000810,S007-ST0460,S007,2026-09-16 08:00:00,500,MOBILE_MONEY
P0000811,S007-ST0112,S007,2026-09-06 07:00:00,100,MOBILE_MONEY
P0000812,S007-ST0080,S007,2026-09-13 13:00:00,200,MOBILE_MONEY
P0000813,S007-ST0731,S007,2026-09-09 16:00:00,500,MOBILE_MONEY
P0000814,S007-ST0382,S007,2026-09-05 07:00:00,500,MOBILE_MONEY
P0000815,S007-ST0162,S007,2026-09-13 16:00:00,200,MOBILE_MONEY
P0000816,S007-ST0235,S007,2026-09-07 09:00:00,50,MOBILE_MONEY
P0000817,S007-ST0309,S007,2026-09-03 07:00:00,100,MOBILE_MONEY
P0000818,S007-ST0112,S007,2026-09-02 10:00:00,200,MOBILE_MONEY
P0000819,S007-ST0561,S007,2026-09-12 15:00:00,50,MOBILE_MONEY
P0000820,S007-ST0733,S007,2026-09-11 09:00:00,200,MOBILE_MONEY
P0000821,S007-ST0779,S007,2026-09-05 09:00:00,500,MOBILE_MONEY
P0000822,S007-ST0280,S007,2026-09-18 07:00:00,500,MOBILE_MONEY
P0000823,S007-ST0501,S007,2026-09-18 17:00:00,100,MOBILE_MONEY
P0000824,S007-ST0821,S007,2026-09-06 17:00:00,200,MOBILE_MONEY
P0000825,S007-ST0523,S007,2026-09-14 16:00:00,200,MOBILE_MONEY
P0000826,S007-ST0700,S007,2026-09-09 16:00:00,200,MOBILE_MONEY
P0000827,S007-ST0147,S007,2026-09-01 10:00:00,200,MOBILE_MONEY
P0000828,S007-ST0746,S007,2026-09-11 08:00:00,200,MOBILE_MONEY
P0000829,S007-ST0720,S007,2026-09-02 09:00:00,200,MOBILE_MONEY
P0000830,S007-ST0176,S007,2026-09-06 18:00:00,500,MOBILE_MONEY
P0000831,S007-ST0213,S007,2026-09-16 18:00:00,100,MOBILE_MONEY
P0000832,S007-ST0815,S007,2026-09-19 11:00:00,200,MOBILE_MONEY
P0000833,S007-ST0331,S007,2026-09-14 10:00:00,200,MOBILE_MONEY
P0000834,S007-ST0943,S007,2026-09-13 17:00:00,200,MOBILE_MONEY
P0000835,S007-ST0682,S007,2026-09-20 19:00:00,50,MOBILE_MONEY
P0000836,S007-ST0670,S007,2026-09-13 16:00:00,500,MOBILE_MONEY
P0000837,S007-ST0565,S007,2026-09-05 18:00:00,50,MOBILE_MONEY
P0000838,S007-ST0398,S007,2026-09-19 13:00:00,100,MOBILE_MONEY
P0000839,S007-ST0564,S007,2026-09-16 14:00:00,50,MOBILE_MONEY
P0000840,S007-ST0781,S007,2026-09-02 11:00:00,200,MOBILE_MONEY
P0000841,S008-ST0575,S008,2026-09-15 07:00:00,500,MOBILE_MONEY
P0000842,S008-ST0992,S008,2026-09-04 11:00:00,50,MOBILE_MONEY
P0000843,S008-ST0120,S008,2026-09-20 09:00:00,100,MOBILE_MONEY
P0000844,S008-ST0643,S008,2026-09-05 11:00:00,500,MOBILE_MONEY
P0000845,S008-ST0583,S008,2026-09-20 13:00:00,50,MOBILE_MONEY
P0000846,S008-ST0213,S008,2026-09-01 11:00:00,200,MOBILE_MONEY
P0000847,S008-ST0743,S008,2026-09-12 08:00:00,50,MOBILE_MONEY
P0000848,S008-ST0942,S008,2026-09-11 13:00:00,50,MOBILE_MONEY
P0000849,S008-ST0585,S008,2026-09-13 17:00:00,100,MOBILE_MONEY
P0000850,S008-ST0597,S008,2026-09-18 08:00:00,100,MOBILE_MONEY
P0000851,S008-ST0947,S008,2026-09-14 15:00:00,200,MOBILE_MONEY
P0000852,S008-ST0390,S008,2026-09-04 08:00:00,50,MOBILE_MONEY
P0000853,S008-ST0638,S008,2026-09-03 16:00:00,50,MOBILE_MONEY
P0000854,S008-ST0403,S008,2026-09-12 07:00:00,500,MOBILE_MONEY
P0000855,S008-ST0700,S008,2026-09-15 14:00:00,50,MOBILE_MONEY
P0000856,S008-ST0731,S008,2026-09-19 19:00:00,200,MOBILE_MONEY
P0000857,S008-ST0566,S008,2026-09-08 08:00:00,200,MOBILE_MONEY
P0000858,S008-ST0074,S008,2026-09-20 16:00:00,500,MOBILE_MONEY
P0000859,S008-ST0982,S008,2026-09-16 07:00:00,50,MOBILE_MONEY
P0000860,S008-ST0009,S008,2026-09-20 10:00:00,50,MOBILE_MONEY
P0000861,S008-ST0841,S008,2026-09-17 19:00:00,50,MOBILE_MONEY
P0000862,S008-ST0596,S008,2026-09-18 07:00:00,100,MOBILE_MONEY
P0000863,S008-ST0841,S008,2026-09-15 10:00:00,50,MOBILE_MONEY
P0000864,S008-ST0344,S008,2026-09-05 18:00:00,50,MOBILE_MONEY
P0000865,S008-ST0057,S008,2026-09-04 08:00:00,200,MOBILE_MONEY
P0000866,S008-ST0763,S008,2026-09-16 12:00:00,100,MOBILE_MONEY
P0000867,S008-ST0109,S008,2026-09-03 15:00:00,50,MOBILE_MONEY
P0000868,S008-ST0029,S008,2026-09-13 13:00:00,50,MOBILE_MONEY
P0000869,S008-ST0625,S008,2026-09-03 09:00:00,50,MOBILE_MONEY
P0000870,S008-ST0811,S008,2026-09-07 19:00:00,500,MOBILE_MONEY
P0000871,S008-ST0795,S008,2026-09-10 09:00:00,200,MOBILE_MONEY
P0000872,S008-ST0627,S008,2026-09-18 10:00:00,100,MOBILE_MONEY
P0000873,S008-ST0510,S008,2026-09-03 10:00:00,100,MOBILE_MONEY
P0000874,S008-ST0263,S008,2026-09-17 13:00:00,200,MOBILE_MONEY
P0000875,S008-ST0455,S008,2026-09-07 09:00:00,200,MOBILE_MONEY
P0000876,S008-ST0221,S008,2026-09-17 19:00:00,100,MOBILE_MONEY
P0000877,S008-ST0836,S008,2026-09-18 15:00:00,50,MOBILE_MONEY
P0000878,S008-ST0361,S008,2026-09-14 09:00:00,500,MOBILE_MONEY
P0000879,S008-ST0045,S008,2026-09-18 16:00:00,100,MOBILE_MONEY
P0000880,S008-ST0782,S008,2026-09-06 17:00:00,100,MOBILE_MONEY
P0000881,S008-ST0300,S008,2026-09-04 08:00:00,200,MOBILE_MONEY
P0000882,S008-ST0233,S008,2026-09-07 11:00:00,500,MOBILE_MONEY
P0000883,S008-ST0588,S008,2026-09-14 09:00:00,100,MOBILE_MONEY
P0000884,S008-ST0195,S008,2026-09-08 08:00:00,100,MOBILE_MONEY
P0000885,S008-ST0965,S008,2026-09-01 10:00:00,100,MOBILE_MONEY
P0000886,S008-ST0140,S008,2026-09-04 14:00:00,50,MOBILE_MONEY
P0000887,S008-ST0830,S008,2026-09-14 13:00:00,200,MOBILE_MONEY
P0000888,S008-ST0175,S008,2026-09-19 13:00:00,50,MOBILE_MONEY
P0000889,S008-ST0978,S008,2026-09-02 13:00:00,50,MOBILE_MONEY
P0000890,S008-ST0846,S008,2026-09-11 14:00:00,100,MOBILE_MONEY
P0000891,S008-ST0755,S008,2026-09-14 10:00:00,50,MOBILE_MONEY
P0000892,S008-ST0545,S008,2026-09-10 10:00:00,500,MOBILE_MONEY
P0000893,S008-ST0429,S008,2026-09-16 13:00:00,500,MOBILE_MONEY
P0000894,S008-ST0956,S008,2026-09-15 16:00:00,50,MOBILE_MONEY
P0000895,S008-ST0818,S008,2026-09-12 12:00:00,200,MOBILE_MONEY
P0000896,S008-ST0080,S008,2026-09-03 13:00:00,50,MOBILE_MONEY
P0000897,S008-ST0887,S008,2026-09-13 14:00:00,500,MOBILE_MONEY
P0000898,S008-ST0035,S008,2026-09-19 09:00:00,500,MOBILE_MONEY
P0000899,S008-ST0645,S008,2026-09-06 11:00:00,50,MOBILE_MONEY
P0000900,S008-ST0361,S008,2026-09-14 07:00:00,200,MOBILE_MONEY
P0000901,S008-ST0807,S008,2026-09-05 08:00:00,100,MOBILE_MONEY
P0000902,S008-ST0747,S008,2026-09-09 13:00:00,50,MOBILE_MONEY
P0000903,S008-ST0943,S008,2026-09-02 10:00:00,100,MOBILE_MONEY
P0000904,S008-ST0812,S008,2026-09-19 18:00:00,200,MOBILE_MONEY
P0000905,S008-ST0165,S008,2026-09-01 13:00:00,500,MOBILE_MONEY
P0000906,S008-ST0553,S008,2026-09-20 15:00:00,100,MOBILE_MONEY
P0000907,S008-ST0375,S008,2026-09-06 09:00:00,500,MOBILE_MONEY
P0000908,S008-ST0099,S008,2026-09-17 13:00:00,200,MOBILE_MONEY
P0000909,S008-ST0957,S008,2026-09-19 09:00:00,50,MOBILE_MONEY
P0000910,S008-ST0395,S008,2026-09-02 19:00:00,50,MOBILE_MONEY
P0000911,S008-ST0873,S008,2026-09-11 14:00:00,100,MOBILE_MONEY
P0000912,S008-ST0178,S008,2026-09-09 14:00:00,500,MOBILE_MONEY
P0000913,S008-ST0845,S008,2026-09-06 18:00:00,500,MOBILE_MONEY
P0000914,S008-ST0061,S008,2026-09-13 09:00:00,50,MOBILE_MONEY
P0000915,S008-ST0096,S008,2026-09-13 18:00:00,50,MOBILE_MONEY
P0000916,S008-ST0409,S008,2026-09-20 07:00:00,200,MOBILE_MONEY
P0000917,S008-ST0999,S008,2026-09-18 15:00:00,100,MOBILE_MONEY
P0000918,S008-ST0709,S008,2026-09-02 07:00:00,50,MOBILE_MONEY
P0000919,S008-ST0947,S008,2026-09-19 17:00:00,200,MOBILE_MONEY
P0000920,S008-ST0615,S008,2026-09-05 17:00:00,50,MOBILE_MONEY
P0000921,S008-ST0699,S008,2026-09-03 12:00:00,50,MOBILE_MONEY
P0000922,S008-ST0680,S008,2026-09-12 08:00:00,500,MOBILE_MONEY
P0000923,S008-ST0295,S008,2026-09-16 18:00:00,50,MOBILE_MONEY
P0000924,S008-ST0154,S008,2026-09-15 15:00:00,500,MOBILE_MONEY
P0000925,S008-ST0792,S008,2026-09-09 19:00:00,50,MOBILE_MONEY
P0000926,S008-ST0420,S008,2026-09-04 07:00:00,200,MOBILE_MONEY
P0000927,S008-ST0778,S008,2026-09-16 15:00:00,500,MOBILE_MONEY
P0000928,S008-ST0860,S008,2026-09-04 18:00:00,500,MOBILE_MONEY
P0000929,S008-ST0805,S008,2026-09-04 16:00:00,500,MOBILE_MONEY
P0000930,S008-ST0060,S008,2026-09-05 11:00:00,100,MOBILE_MONEY
P0000931,S008-ST0531,S008,2026-09-15 13:00:00,200,MOBILE_MONEY
P0000932,S008-ST0592,S008,2026-09-20 09:00:00,50,MOBILE_MONEY
P0000933,S008-ST0826,S008,2026-09-15 16:00:00,50,MOBILE_MONEY
P0000934,S008-ST0642,S008,2026-09-01 07:00:00,100,MOBILE_MONEY
P0000935,S008-ST0488,S008,2026-09-03 14:00:00,50,MOBILE_MONEY
P0000936,S008-ST0679,S008,2026-09-07 13:00:00,200,MOBILE_MONEY
P0000937,S008-ST0587,S008,2026-09-10 14:00:00,50,MOBILE_MONEY
P0000938,S008-ST0063,S008,2026-09-14 09:00:00,100,MOBILE_MONEY
P0000939,S008-ST0423,S008,2026-09-02 09:00:00,50,MOBILE_MONEY
P0000940,S008-ST0078,S008,2026-09-12 16:00:00,100,MOBILE_MONEY
P0000941,S008-ST0888,S008,2026-09-12 11:00:00,500,MOBILE_MONEY
P0000942,S008-ST0432,S008,2026-09-05 14:00:00,100,MOBILE_MONEY
P0000943,S008-ST0861,S008,2026-09-16 10:00:00,100,MOBILE_MONEY
P0000944,S008-ST0810,S008,2026-09-15 19:00:00,50,MOBILE_MONEY
P0000945,S008-ST0603,S008,2026-09-19 17:00:00,200,MOBILE_MONEY
P0000946,S008-ST0463,S008,2026-09-06 12:00:00,200,MOBILE_MONEY
P0000947,S008-ST0498,S008,2026-09-11 19:00:00,200,MOBILE_MONEY
P0000948,S008-ST0257,S008,2026-09-18 07:00:00,200,MOBILE_MONEY
P0000949,S008-ST0321,S008,2026-09-06 10:00:00,100,MOBILE_MONEY
P0000950,S008-ST0352,S008,2026-09-18 15:00:00,200,MOBILE_MONEY
P0000951,S008-ST0811,S008,2026-09-05 12:00:00,100,MOBILE_MONEY
P0000952,S008-ST0679,S008,2026-09-07 14:00:00,100,MOBILE_MONEY
P0000953,S008-ST0975,S008,2026-09-05 11:00:00,100,MOBILE_MONEY
P0000954,S008-ST0146,S008,2026-09-07 13:00:00,50,MOBILE_MONEY
P0000955,S008-ST0504,S008,2026-09-16 10:00:00,100,MOBILE_MONEY
P0000956,S008-ST0094,S008,2026-09-04 07:00:00,200,MOBILE_MONEY
P0000957,S008-ST0155,S008,2026-09-04 13:00:00,200,MOBILE_MONEY
P0000958,S008-ST0300,S008,2026-09-02 08:00:00,50,MOBILE_MONEY
P0000959,S008-ST0829,S008,2026-09-14 11:00:00,500,MOBILE_MONEY
P0000960,S008-ST0503,S008,2026-09-11 14:00:00,50,MOBILE_MONEY
P0000961,S009-ST0663,S009,2026-09-08 12:00:00,200,MOBILE_MONEY
P0000962,S009-ST0205,S009,2026-09-18 12:00:00,200,MOBILE_MONEY
P0000963,S009-ST0122,S009,2026-09-07 09:00:00,200,MOBILE_MONEY
P0000964,S009-ST0300,S009,2026-09-04 13:00:00,500,MOBILE_MONEY
P0000965,S009-ST0463,S009,2026-09-20 14:00:00,100,MOBILE_MONEY
P0000966,S009-ST0247,S009,2026-09-06 19:00:00,50,MOBILE_MONEY
P0000967,S009-ST0192,S009,2026-09-04 07:00:00,500,MOBILE_MONEY
P0000968,S009-ST0715,S009,2026-09-10 11:00:00,200,MOBILE_MONEY
P0000969,S009-ST0068,S009,2026-09-20 19:00:00,500,MOBILE_MONEY
P0000970,S009-ST0566,S009,2026-09-09 12:00:00,50,MOBILE_MONEY
P0000971,S009-ST0817,S009,2026-09-13 10:00:00,500,MOBILE_MONEY
P0000972,S009-ST0696,S009,2026-09-12 17:00:00,200,MOBILE_MONEY
P0000973,S009-ST0566,S009,2026-09-16 19:00:00,500,MOBILE_MONEY
P0000974,S009-ST0587,S009,2026-09-06 18:00:00,200,MOBILE_MONEY
P0000975,S009-ST0259,S009,2026-09-13 18:00:00,50,MOBILE_MONEY
P0000976,S009-ST0034,S009,2026-09-10 19:00:00,100,MOBILE_MONEY
P0000977,S009-ST0731,S009,2026-09-12 13:00:00,50,MOBILE_MONEY
P0000978,S009-ST0840,S009,2026-09-11 08:00:00,50,MOBILE_MONEY
P0000979,S009-ST0305,S009,2026-09-06 13:00:00,50,MOBILE_MONEY
P0000980,S009-ST0985,S009,2026-09-13 16:00:00,50,MOBILE_MONEY
P0000981,S009-ST0428,S009,2026-09-05 17:00:00,200,MOBILE_MONEY
P0000982,S009-ST0960,S009,2026-09-05 15:00:00,200,MOBILE_MONEY
P0000983,S009-ST0742,S009,2026-09-09 16:00:00,500,MOBILE_MONEY
P0000984,S009-ST0093,S009,2026-09-12 07:00:00,100,MOBILE_MONEY
P0000985,S009-ST0166,S009,2026-09-02 10:00:00,50,MOBILE_MONEY
P0000986,S009-ST0513,S009,2026-09-12 13:00:00,50,MOBILE_MONEY
P0000987,S009-ST0295,S009,2026-09-04 11:00:00,200,MOBILE_MONEY
P0000988,S009-ST0369,S009,2026-09-01 10:00:00,50,MOBILE_MONEY
P0000989,S009-ST0208,S009,2026-09-02 07:00:00,200,MOBILE_MONEY
P0000990,S009-ST0263,S009,2026-09-01 19:00:00,50,MOBILE_MONEY
P0000991,S009-ST0940,S009,2026-09-01 16:00:00,500,MOBILE_MONEY
P0000992,S009-ST0673,S009,2026-09-02 13:00:00,200,MOBILE_MONEY
P0000993,S009-ST0564,S009,2026-09-14 10:00:00,50,MOBILE_MONEY
P0000994,S009-ST0388,S009,2026-09-12 08:00:00,500,MOBILE_MONEY
P0000995,S009-ST0043,S009,2026-09-03 12:00:00,100,MOBILE_MONEY
P0000996,S009-ST0940,S009,2026-09-10 10:00:00,500,MOBILE_MONEY
P0000997,S009-ST0381,S009,2026-09-18 16:00:00,500,MOBILE_MONEY
P0000998,S009-ST0167,S009,2026-09-14 15:00:00,500,MOBILE_MONEY
P0000999,S009-ST0790,S009,2026-09-06 09:00:00,50,MOBILE_MONEY
P0001000,S009-ST0694,S009,2026-09-20 07:00:00,50,MOBILE_MONEY
P0001001,S009-ST0779,S009,2026-09-19 12:00:00,200,MOBILE_MONEY
P0001002,S009-ST0675,S009,2026-09-19 15:00:00,500,MOBILE_MONEY
P0001003,S009-ST0142,S009,2026-09-19 15:00:00,200,MOBILE_MONEY
P0001004,S009-ST0760,S009,2026-09-12 15:00:00,200,MOBILE_MONEY
P0001005,S009-ST0046,S009,2026-09-07 19:00:00,50,MOBILE_MONEY
P0001006,S009-ST0621,S009,2026-09-12 13:00:00,500,MOBILE_MONEY
P0001007,S009-ST0143,S009,2026-09-08 12:00:00,500,MOBILE_MONEY
P0001008,S009-ST0494,S009,2026-09-03 16:00:00,50,MOBILE_MONEY
P0001009,S009-ST0107,S009,2026-09-17 10:00:00,500,MOBILE_MONEY
P0001010,S009-ST0795,S009,2026-09-06 10:00:00,50,MOBILE_MONEY
P0001011,S009-ST0811,S009,2026-09-17 15:00:00,200,MOBILE_MONEY
P0001012,S009-ST0558,S009,2026-09-20 14:00:00,100,MOBILE_MONEY
P0001013,S009-ST0201,S009,2026-09-11 13:00:00,50,MOBILE_MONEY
P0001014,S009-ST0124,S009,2026-09-19 07:00:00,200,MOBILE_MONEY
P0001015,S009-ST0310,S009,2026-09-10 08:00:00,200,MOBILE_MONEY
P0001016,S009-ST0482,S009,2026-09-15 11:00:00,50,MOBILE_MONEY
P0001017,S009-ST0095,S009,2026-09-03 08:00:00,50,MOBILE_MONEY
P0001018,S009-ST0653,S009,2026-09-16 14:00:00,200,MOBILE_MONEY
P0001019,S009-ST0594,S009,2026-09-17 19:00:00,50,MOBILE_MONEY
P0001020,S009-ST0344,S009,2026-09-03 12:00:00,200,MOBILE_MONEY
P0001021,S009-ST0424,S009,2026-09-09 10:00:00,100,MOBILE_MONEY
P0001022,S009-ST0676,S009,2026-09-08 15:00:00,100,MOBILE_MONEY
P0001023,S009-ST0644,S009,2026-09-06 12:00:00,500,MOBILE_MONEY
P0001024,S009-ST0072,S009,2026-09-02 14:00:00,500,MOBILE_MONEY
P0001025,S009-ST0719,S009,2026-09-10 16:00:00,200,MOBILE_MONEY
P0001026,S009-ST0472,S009,2026-09-05 17:00:00,50,MOBILE_MONEY
P0001027,S009-ST0789,S009,2026-09-02 10:00:00,100,MOBILE_MONEY
P0001028,S009-ST0521,S009,2026-09-01 11:00:00,500,MOBILE_MONEY
P0001029,S009-ST0189,S009,2026-09-14 12:00:00,100,MOBILE_MONEY
P0001030,S009-ST0365,S009,2026-09-01 15:00:00,50,MOBILE_MONEY
P0001031,S009-ST0370,S009,2026-09-18 16:00:00,200,MOBILE_MONEY
P0001032,S009-ST0268,S009,2026-09-04 12:00:00,50,MOBILE_MONEY
P0001033,S009-ST0460,S009,2026-09-16 18:00:00,100,MOBILE_MONEY
P0001034,S009-ST0799,S009,2026-09-15 08:00:00,50,MOBILE_MONEY
P0001035,S009-ST0601,S009,2026-09-15 10:00:00,500,MOBILE_MONEY
P0001036,S009-ST0566,S009,2026-09-03 08:00:00,200,MOBILE_MONEY
P0001037,S009-ST0041,S009,2026-09-20 17:00:00,100,MOBILE_MONEY
P0001038,S009-ST0583,S009,2026-09-10 09:00:00,50,MOBILE_MONEY
P0001039,S009-ST0422,S009,2026-09-05 12:00:00,200,MOBILE_MONEY
P0001040,S009-ST0692,S009,2026-09-15 09:00:00,500,MOBILE_MONEY
P0001041,S009-ST0890,S009,2026-09-12 19:00:00,200,MOBILE_MONEY
P0001042,S009-ST0201,S009,2026-09-12 19:00:00,500,MOBILE_MONEY
P0001043,S009-ST0690,S009,2026-09-07 18:00:00,200,MOBILE_MONEY
P0001044,S009-ST0515,S009,2026-09-14 15:00:00,100,MOBILE_MONEY
P0001045,S009-ST0184,S009,2026-09-06 16:00:00,200,MOBILE_MONEY
P0001046,S009-ST0296,S009,2026-09-11 08:00:00,200,MOBILE_MONEY
P0001047,S009-ST0931,S009,2026-09-09 17:00:00,500,MOBILE_MONEY
P0001048,S009-ST0804,S009,2026-09-16 18:00:00,200,MOBILE_MONEY
P0001049,S009-ST0270,S009,2026-09-14 18:00:00,50,MOBILE_MONEY
P0001050,S009-ST0044,S009,2026-09-17 09:00:00,50,MOBILE_MONEY
P0001051,S009-ST0800,S009,2026-09-17 11:00:00,50,MOBILE_MONEY
P0001052,S009-ST0866,S009,2026-09-18 15:00:00,200,MOBILE_MONEY
P0001053,S009-ST0790,S009,2026-09-08 07:00:00,500,MOBILE_MONEY
P0001054,S009-ST0928,S009,2026-09-05 19:00:00,100,MOBILE_MONEY
P0001055,S009-ST0271,S009,2026-09-20 10:00:00,50,MOBILE_MONEY
P0001056,S009-ST0017,S009,2026-09-05 14:00:00,500,MOBILE_MONEY
P0001057,S009-ST0172,S009,2026-09-06 13:00:00,500,MOBILE_MONEY
P0001058,S009-ST0166,S009,2026-09-13 11:00:00,200,MOBILE_MONEY
P0001059,S009-ST0625,S009,2026-09-18 10:00:00,500,MOBILE_MONEY
P0001060,S009-ST0181,S009,2026-09-15 17:00:00,100,MOBILE_MONEY
P0001061,S009-ST0773,S009,2026-09-11 07:00:00,500,MOBILE_MONEY
P0001062,S009-ST0761,S009,2026-09-11 10:00:00,200,MOBILE_MONEY
P0001063,S009-ST0343,S009,2026-09-16 11:00:00,50,MOBILE_MONEY
P0001064,S009-ST0675,S009,2026-09-05 10:00:00,200,MOBILE_MONEY
P0001065,S009-ST0655,S009,2026-09-01 14:00:00,100,MOBILE_MONEY
P0001066,S009-ST0834,S009,2026-09-14 10:00:00,100,MOBILE_MONEY
P0001067,S009-ST0659,S009,2026-09-07 11:00:00,500,MOBILE_MONEY
P0001068,S009-ST0222,S009,2026-09-20 11:00:00,50,MOBILE_MONEY
P0001069,S009-ST0775,S009,2026-09-10 15:00:00,500,MOBILE_MONEY
P0001070,S009-ST0715,S009,2026-09-18 16:00:00,100,MOBILE_MONEY
P0001071,S009-ST0127,S009,2026-09-18 09:00:00,50,MOBILE_MONEY
P0001072,S009-ST0650,S009,2026-09-14 07:00:00,100,MOBILE_MONEY
P0001073,S009-ST0720,S009,2026-09-06 10:00:00,200,MOBILE_MONEY
P0001074,S009-ST0697,S009,2026-09-15 18:00:00,100,MOBILE_MONEY
P0001075,S009-ST0614,S009,2026-09-02 15:00:00,500,MOBILE_MONEY
P0001076,S009-ST0821,S009,2026-09-14 18:00:00,200,MOBILE_MONEY
P0001077,S009-ST0028,S009,2026-09-14 19:00:00,500,MOBILE_MONEY
P0001078,S009-ST0948,S009,2026-09-12 15:00:00,50,MOBILE_MONEY
P0001079,S009-ST0476,S009,2026-09-12 10:00:00,100,MOBILE_MONEY
P0001080,S009-ST0052,S009,2026-09-19 19:00:00,100,MOBILE_MONEY
P0001081,S010-ST0245,S010,2026-09-17 10:00:00,500,MOBILE_MONEY
P0001082,S010-ST0476,S010,2026-09-02 09:00:00,200,MOBILE_MONEY
P0001083,S010-ST0699,S010,2026-09-13 11:00:00,50,MOBILE_MONEY
P0001084,S010-ST0699,S010,2026-09-09 11:00:00,50,MOBILE_MONEY
P0001085,S010-ST0123,S010,2026-09-16 10:00:00,100,MOBILE_MONEY
P0001086,S010-ST0616,S010,2026-09-07 15:00:00,50,MOBILE_MONEY
P0001087,S010-ST0571,S010,2026-09-07 17:00:00,500,MOBILE_MONEY
P0001088,S010-ST0222,S010,2026-09-18 18:00:00,50,MOBILE_MONEY
P0001089,S010-ST0325,S010,2026-09-03 16:00:00,50,MOBILE_MONEY
P0001090,S010-ST0260,S010,2026-09-05 11:00:00,100,MOBILE_MONEY
P0001091,S010-ST0434,S010,2026-09-18 19:00:00,50,MOBILE_MONEY
P0001092,S010-ST0918,S010,2026-09-18 14:00:00,500,MOBILE_MONEY
P0001093,S010-ST0872,S010,2026-09-04 14:00:00,50,MOBILE_MONEY
P0001094,S010-ST0191,S010,2026-09-07 11:00:00,50,MOBILE_MONEY
P0001095,S010-ST0575,S010,2026-09-01 08:00:00,50,MOBILE_MONEY
P0001096,S010-ST0787,S010,2026-09-01 12:00:00,200,MOBILE_MONEY
P0001097,S010-ST0668,S010,2026-09-17 07:00:00,100,MOBILE_MONEY
P0001098,S010-ST0870,S010,2026-09-16 16:00:00,100,MOBILE_MONEY
P0001099,S010-ST0169,S010,2026-09-10 17:00:00,500,MOBILE_MONEY
P0001100,S010-ST0383,S010,2026-09-02 19:00:00,500,MOBILE_MONEY
P0001101,S010-ST0313,S010,2026-09-01 11:00:00,200,MOBILE_MONEY
P0001102,S010-ST0492,S010,2026-09-14 09:00:00,200,MOBILE_MONEY
P0001103,S010-ST0574,S010,2026-09-15 17:00:00,200,MOBILE_MONEY
P0001104,S010-ST0818,S010,2026-09-02 19:00:00,50,MOBILE_MONEY
P0001105,S010-ST0765,S010,2026-09-01 14:00:00,50,MOBILE_MONEY
P0001106,S010-ST0290,S010,2026-09-15 14:00:00,500,MOBILE_MONEY
P0001107,S010-ST0066,S010,2026-09-16 10:00:00,100,MOBILE_MONEY
P0001108,S010-ST0149,S010,2026-09-02 07:00:00,500,MOBILE_MONEY
P0001109,S010-ST0524,S010,2026-09-15 09:00:00,50,MOBILE_MONEY
P0001110,S010-ST0952,S010,2026-09-20 19:00:00,50,MOBILE_MONEY
P0001111,S010-ST0725,S010,2026-09-19 19:00:00,100,MOBILE_MONEY
P0001112,S010-ST0148,S010,2026-09-10 18:00:00,200,MOBILE_MONEY
P0001113,S010-ST0622,S010,2026-09-04 16:00:00,500,MOBILE_MONEY
P0001114,S010-ST0126,S010,2026-09-07 10:00:00,500,MOBILE_MONEY
P0001115,S010-ST0702,S010,2026-09-11 19:00:00,100,MOBILE_MONEY
P0001116,S010-ST0112,S010,2026-09-01 14:00:00,50,MOBILE_MONEY
P0001117,S010-ST0381,S010,2026-09-14 12:00:00,100,MOBILE_MONEY
P0001118,S010-ST0597,S010,2026-09-03 17:00:00,100,MOBILE_MONEY
P0001119,S010-ST0614,S010,2026-09-01 18:00:00,200,MOBILE_MONEY
P0001120,S010-ST0014,S010,2026-09-07 15:00:00,500,MOBILE_MONEY
P0001121,S010-ST0529,S010,2026-09-01 15:00:00,50,MOBILE_MONEY
P0001122,S010-ST0734,S010,2026-09-16 17:00:00,100,MOBILE_MONEY
P0001123,S010-ST0983,S010,2026-09-04 11:00:00,500,MOBILE_MONEY
P0001124,S010-ST0066,S010,2026-09-19 15:00:00,100,MOBILE_MONEY
P0001125,S010-ST0626,S010,2026-09-14 11:00:00,200,MOBILE_MONEY
P0001126,S010-ST0773,S010,2026-09-07 13:00:00,100,MOBILE_MONEY
P0001127,S010-ST0656,S010,2026-09-13 16:00:00,50,MOBILE_MONEY
P0001128,S010-ST0166,S010,2026-09-17 12:00:00,500,MOBILE_MONEY
P0001129,S010-ST0509,S010,2026-09-13 11:00:00,50,MOBILE_MONEY
P0001130,S010-ST0899,S010,2026-09-13 16:00:00,100,MOBILE_MONEY
P0001131,S010-ST0419,S010,2026-09-07 15:00:00,200,MOBILE_MONEY
P0001132,S010-ST0596,S010,2026-09-04 15:00:00,100,MOBILE_MONEY
P0001133,S010-ST0319,S010,2026-09-20 18:00:00,50,MOBILE_MONEY
P0001134,S010-ST0409,S010,2026-09-20 14:00:00,50,MOBILE_MONEY
P0001135,S010-ST0214,S010,2026-09-04 13:00:00,200,MOBILE_MONEY
P0001136,S010-ST0234,S010,2026-09-18 19:00:00,500,MOBILE_MONEY
P0001137,S010-ST0193,S010,2026-09-19 17:00:00,500,MOBILE_MONEY
P0001138,S010-ST0442,S010,2026-09-11 19:00:00,50,MOBILE_MONEY
P0001139,S010-ST0340,S010,2026-09-17 09:00:00,100,MOBILE_MONEY
P0001140,S010-ST0285,S010,2026-09-06 07:00:00,500,MOBILE_MONEY
P0001141,S010-ST0995,S010,2026-09-09 15:00:00,200,MOBILE_MONEY
P0001142,S010-ST0523,S010,2026-09-11 14:00:00,50,MOBILE_MONEY
P0001143,S010-ST0294,S010,2026-09-04 15:00:00,200,MOBILE_MONEY
P0001144,S010-ST0229,S010,2026-09-04 10:00:00,500,MOBILE_MONEY
P0001145,S010-ST0574,S010,2026-09-06 19:00:00,200,MOBILE_MONEY
P0001146,S010-ST0014,S010,2026-09-03 12:00:00,50,MOBILE_MONEY
P0001147,S010-ST0601,S010,2026-09-03 16:00:00,500,MOBILE_MONEY
P0001148,S010-ST0835,S010,2026-09-10 17:00:00,100,MOBILE_MONEY
P0001149,S010-ST0388,S010,2026-09-02 14:00:00,50,MOBILE_MONEY
P0001150,S010-ST0179,S010,2026-09-16 18:00:00,100,MOBILE_MONEY
P0001151,S010-ST0716,S010,2026-09-12 10:00:00,500,MOBILE_MONEY
P0001152,S010-ST0023,S010,2026-09-13 18:00:00,500,MOBILE_MONEY
P0001153,S010-ST0188,S010,2026-09-19 15:00:00,200,MOBILE_MONEY
P0001154,S010-ST0674,S010,2026-09-06 11:00:00,500,MOBILE_MONEY
P0001155,S010-ST0469,S010,2026-09-07 14:00:00,500,MOBILE_MONEY
P0001156,S010-ST0720,S010,2026-09-07 18:00:00,200,MOBILE_MONEY
P0001157,S010-ST0737,S010,2026-09-08 13:00:00,500,MOBILE_MONEY
P0001158,S010-ST0693,S010,2026-09-20 13:00:00,50,MOBILE_MONEY
P0001159,S010-ST0858,S010,2026-09-19 07:00:00,50,MOBILE_MONEY
P0001160,S010-ST0894,S010,2026-09-16 11:00:00,100,MOBILE_MONEY
P0001161,S010-ST0083,S010,2026-09-01 14:00:00,500,MOBILE_MONEY
P0001162,S010-ST0012,S010,2026-09-09 16:00:00,200,MOBILE_MONEY
P0001163,S010-ST0409,S010,2026-09-18 10:00:00,500,MOBILE_MONEY
P0001164,S010-ST0878,S010,2026-09-18 16:00:00,100,MOBILE_MONEY
P0001165,S010-ST0655,S010,2026-09-19 15:00:00,500,MOBILE_MONEY
P0001166,S010-ST0647,S010,2026-09-06 12:00:00,100,MOBILE_MONEY
P0001167,S010-ST0573,S010,2026-09-13 09:00:00,200,MOBILE_MONEY
P0001168,S010-ST0163,S010,2026-09-10 12:00:00,500,MOBILE_MONEY
P0001169,S010-ST0877,S010,2026-09-19 11:00:00,200,MOBILE_MONEY
P0001170,S010-ST0580,S010,2026-09-17 11:00:00,200,MOBILE_MONEY
P0001171,S010-ST0767,S010,2026-09-10 13:00:00,100,MOBILE_MONEY
P0001172,S010-ST0468,S010,2026-09-20 09:00:00,100,MOBILE_MONEY
P0001173,S010-ST0230,S010,2026-09-18 13:00:00,50,MOBILE_MONEY
P0001174,S010-ST0714,S010,2026-09-11 09:00:00,200,MOBILE_MONEY
P0001175,S010-ST0749,S010,2026-09-03 17:00:00,200,MOBILE_MONEY
P0001176,S010-ST0585,S010,2026-09-08 19:00:00,50,MOBILE_MONEY
P0001177,S010-ST0600,S010,2026-09-13 12:00:00,500,MOBILE_MONEY
P0001178,S010-ST0606,S010,2026-09-09 10:00:00,200,MOBILE_MONEY
P0001179,S010-ST0717,S010,2026-09-06 07:00:00,500,MOBILE_MONEY
P0001180,S010-ST0424,S010,2026-09-11 07:00:00,50,MOBILE_MONEY
P0001181,S010-ST0389,S010,2026-09-08 18:00:00,500,MOBILE_MONEY
P0001182,S010-ST0203,S010,2026-09-18 18:00:00,500,MOBILE_MONEY
P0001183,S010-ST0001,S010,2026-09-05 10:00:00,50,MOBILE_MONEY
P0001184,S010-ST0578,S010,2026-09-12 18:00:00,200,MOBILE_MONEY
P0001185,S010-ST0614,S010,2026-09-20 10:00:00,200,MOBILE_MONEY
P0001186,S010-ST0436,S010,2026-09-12 17:00:00,500,MOBILE_MONEY
P0001187,S010-ST0357,S010,2026-09-11 16:00:00,100,MOBILE_MONEY
P0001188,S010-ST0810,S010,2026-09-13 16:00:00,500,MOBILE_MONEY
P0001189,S010-ST0199,S010,2026-09-19 08:00:00,100,MOBILE_MONEY
P0001190,S010-ST0067,S010,2026-09-20 11:00:00,50,MOBILE_MONEY
P0001191,S010-ST0467,S010,2026-09-13 14:00:00,500,MOBILE_MONEY
P0001192,S010-ST0362,S010,2026-09-18 16:00:00,100,MOBILE_MONEY
P0001193,S010-ST0261,S010,2026-09-10 18:00:00,500,MOBILE_MONEY
P0001194,S010-ST0866,S010,2026-09-14 16:00:00,50,MOBILE_MONEY
P0001195,S010-ST0229,S010,2026-09-09 16:00:00,50,MOBILE_MONEY
P0001196,S010-ST0471,S010,2026-09-11 13:00:00,50,MOBILE_MONEY
P0001197,S010-ST0372,S010,2026-09-09 12:00:00,50,MOBILE_MONEY
P0001198,S010-ST0040,S010,2026-09-04 08:00:00,50,MOBILE_MONEY
P0001199,S010-ST0659,S010,2026-09-20 19:00:00,100,MOBILE_MONEY
P0001200,S010-ST0929,S010,2026-09-20 18:00:00,50,MOBILE_MONEY
P0001201,S011-ST0249,S011,2026-09-09 16:00:00,100,MOBILE_MONEY
P0001202,S011-ST0283,S011,2026-09-08 10:00:00,200,MOBILE_MONEY
P0001203,S011-ST0087,S011,2026-09-12 17:00:00,200,MOBILE_MONEY
P0001204,S011-ST0876,S011,2026-09-15 11:00:00,500,MOBILE_MONEY
P0001205,S011-ST0020,S011,2026-09-04 09:00:00,500,MOBILE_MONEY
P0001206,S011-ST0934,S011,2026-09-15 10:00:00,500,MOBILE_MONEY
P0001207,S011-ST0070,S011,2026-09-18 10:00:00,200,MOBILE_MONEY
P0001208,S011-ST0204,S011,2026-09-10 08:00:00,100,MOBILE_MONEY
P0001209,S011-ST0530,S011,2026-09-05 10:00:00,100,MOBILE_MONEY
P0001210,S011-ST0838,S011,2026-09-18 14:00:00,500,MOBILE_MONEY
P0001211,S011-ST0909,S011,2026-09-10 08:00:00,500,MOBILE_MONEY
P0001212,S011-ST0771,S011,2026-09-03 10:00:00,50,MOBILE_MONEY
P0001213,S011-ST0119,S011,2026-09-03 07:00:00,100,MOBILE_MONEY
P0001214,S011-ST0816,S011,2026-09-08 07:00:00,100,MOBILE_MONEY
P0001215,S011-ST0190,S011,2026-09-05 18:00:00,200,MOBILE_MONEY
P0001216,S011-ST0385,S011,2026-09-04 07:00:00,50,MOBILE_MONEY
P0001217,S011-ST0929,S011,2026-09-19 07:00:00,50,MOBILE_MONEY
P0001218,S011-ST0475,S011,2026-09-19 13:00:00,50,MOBILE_MONEY
P0001219,S011-ST0436,S011,2026-09-17 19:00:00,200,MOBILE_MONEY
P0001220,S011-ST0678,S011,2026-09-11 12:00:00,500,MOBILE_MONEY
P0001221,S011-ST0746,S011,2026-09-07 08:00:00,500,MOBILE_MONEY
P0001222,S011-ST0415,S011,2026-09-02 19:00:00,100,MOBILE_MONEY
P0001223,S011-ST0639,S011,2026-09-17 08:00:00,500,MOBILE_MONEY
P0001224,S011-ST0239,S011,2026-09-14 15:00:00,200,MOBILE_MONEY
P0001225,S011-ST0800,S011,2026-09-08 13:00:00,500,MOBILE_MONEY
P0001226,S011-ST0131,S011,2026-09-20 09:00:00,200,MOBILE_MONEY
P0001227,S011-ST0030,S011,2026-09-15 19:00:00,500,MOBILE_MONEY
P0001228,S011-ST0157,S011,2026-09-14 17:00:00,50,MOBILE_MONEY
P0001229,S011-ST0045,S011,2026-09-16 19:00:00,500,MOBILE_MONEY
P0001230,S011-ST0365,S011,2026-09-02 19:00:00,100,MOBILE_MONEY
P0001231,S011-ST0978,S011,2026-09-01 18:00:00,50,MOBILE_MONEY
P0001232,S011-ST0881,S011,2026-09-03 11:00:00,200,MOBILE_MONEY
P0001233,S011-ST0296,S011,2026-09-04 07:00:00,200,MOBILE_MONEY
P0001234,S011-ST0646,S011,2026-09-11 09:00:00,200,MOBILE_MONEY
P0001235,S011-ST0300,S011,2026-09-19 16:00:00,100,MOBILE_MONEY
P0001236,S011-ST0485,S011,2026-09-14 15:00:00,500,MOBILE_MONEY
P0001237,S011-ST0141,S011,2026-09-02 16:00:00,200,MOBILE_MONEY
P0001238,S011-ST0636,S011,2026-09-08 14:00:00,100,MOBILE_MONEY
P0001239,S011-ST0122,S011,2026-09-17 11:00:00,100,MOBILE_MONEY
P0001240,S011-ST0161,S011,2026-09-08 10:00:00,500,MOBILE_MONEY
P0001241,S011-ST0691,S011,2026-09-01 08:00:00,500,MOBILE_MONEY
P0001242,S011-ST0299,S011,2026-09-13 16:00:00,100,MOBILE_MONEY
P0001243,S011-ST0910,S011,2026-09-18 18:00:00,500,MOBILE_MONEY
P0001244,S011-ST0116,S011,2026-09-02 09:00:00,100,MOBILE_MONEY
P0001245,S011-ST0144,S011,2026-09-12 11:00:00,50,MOBILE_MONEY
P0001246,S011-ST0273,S011,2026-09-12 15:00:00,50,MOBILE_MONEY
P0001247,S011-ST0845,S011,2026-09-12 08:00:00,50,MOBILE_MONEY
P0001248,S011-ST0771,S011,2026-09-02 11:00:00,200,MOBILE_MONEY
P0001249,S011-ST0567,S011,2026-09-18 19:00:00,200,MOBILE_MONEY
P0001250,S011-ST0411,S011,2026-09-18 16:00:00,100,MOBILE_MONEY
P0001251,S011-ST0417,S011,2026-09-11 15:00:00,100,MOBILE_MONEY
P0001252,S011-ST0138,S011,2026-09-09 09:00:00,50,MOBILE_MONEY
P0001253,S011-ST0184,S011,2026-09-12 10:00:00,200,MOBILE_MONEY
P0001254,S011-ST0292,S011,2026-09-02 09:00:00,100,MOBILE_MONEY
P0001255,S011-ST0918,S011,2026-09-01 17:00:00,100,MOBILE_MONEY
P0001256,S011-ST0990,S011,2026-09-01 18:00:00,200,MOBILE_MONEY
P0001257,S011-ST0294,S011,2026-09-02 19:00:00,500,MOBILE_MONEY
P0001258,S011-ST0711,S011,2026-09-03 18:00:00,100,MOBILE_MONEY
P0001259,S011-ST0334,S011,2026-09-09 10:00:00,200,MOBILE_MONEY
P0001260,S011-ST0900,S011,2026-09-16 19:00:00,200,MOBILE_MONEY
P0001261,S011-ST0831,S011,2026-09-20 07:00:00,500,MOBILE_MONEY
P0001262,S011-ST0580,S011,2026-09-03 07:00:00,100,MOBILE_MONEY
P0001263,S011-ST0038,S011,2026-09-08 12:00:00,500,MOBILE_MONEY
P0001264,S011-ST0005,S011,2026-09-15 17:00:00,50,MOBILE_MONEY
P0001265,S011-ST0178,S011,2026-09-18 12:00:00,50,MOBILE_MONEY
P0001266,S011-ST0655,S011,2026-09-19 10:00:00,500,MOBILE_MONEY
P0001267,S011-ST0636,S011,2026-09-17 07:00:00,100,MOBILE_MONEY
P0001268,S011-ST0168,S011,2026-09-13 16:00:00,50,MOBILE_MONEY
P0001269,S011-ST0717,S011,2026-09-04 07:00:00,100,MOBILE_MONEY
P0001270,S011-ST0178,S011,2026-09-07 14:00:00,200,MOBILE_MONEY
P0001271,S011-ST0263,S011,2026-09-17 13:00:00,500,MOBILE_MONEY
P0001272,S011-ST0885,S011,2026-09-11 11:00:00,50,MOBILE_MONEY
P0001273,S011-ST0786,S011,2026-09-13 14:00:00,50,MOBILE_MONEY
P0001274,S011-ST0637,S011,2026-09-09 10:00:00,100,MOBILE_MONEY
P0001275,S011-ST0160,S011,2026-09-19 13:00:00,200,MOBILE_MONEY
P0001276,S011-ST0886,S011,2026-09-19 15:00:00,200,MOBILE_MONEY
P0001277,S011-ST0754,S011,2026-09-05 07:00:00,50,MOBILE_MONEY
P0001278,S011-ST0109,S011,2026-09-09 18:00:00,100,MOBILE_MONEY
P0001279,S011-ST0005,S011,2026-09-16 18:00:00,500,MOBILE_MONEY
P0001280,S011-ST0410,S011,2026-09-12 12:00:00,500,MOBILE_MONEY
P0001281,S011-ST0299,S011,2026-09-04 11:00:00,500,MOBILE_MONEY
P0001282,S011-ST0766,S011,2026-09-11 12:00:00,50,MOBILE_MONEY
P0001283,S011-ST0717,S011,2026-09-01 10:00:00,100,MOBILE_MONEY
P0001284,S011-ST0234,S011,2026-09-01 14:00:00,200,MOBILE_MONEY
P0001285,S011-ST0878,S011,2026-09-15 16:00:00,50,MOBILE_MONEY
P0001286,S011-ST0352,S011,2026-09-07 11:00:00,500,MOBILE_MONEY
P0001287,S011-ST0984,S011,2026-09-17 09:00:00,200,MOBILE_MONEY
P0001288,S011-ST0346,S011,2026-09-09 07:00:00,50,MOBILE_MONEY
P0001289,S011-ST0136,S011,2026-09-12 07:00:00,200,MOBILE_MONEY
P0001290,S011-ST0841,S011,2026-09-16 13:00:00,100,MOBILE_MONEY
P0001291,S011-ST0395,S011,2026-09-19 16:00:00,50,MOBILE_MONEY
P0001292,S011-ST0355,S011,2026-09-06 15:00:00,500,MOBILE_MONEY
P0001293,S011-ST0203,S011,2026-09-10 14:00:00,100,MOBILE_MONEY
P0001294,S011-ST0934,S011,2026-09-10 16:00:00,200,MOBILE_MONEY
P0001295,S011-ST0466,S011,2026-09-03 19:00:00,50,MOBILE_MONEY
P0001296,S011-ST0396,S011,2026-09-15 17:00:00,200,MOBILE_MONEY
P0001297,S011-ST0726,S011,2026-09-11 11:00:00,200,MOBILE_MONEY
P0001298,S011-ST0221,S011,2026-09-06 12:00:00,200,MOBILE_MONEY
P0001299,S011-ST0041,S011,2026-09-06 14:00:00,100,MOBILE_MONEY
P0001300,S011-ST0172,S011,2026-09-18 17:00:00,200,MOBILE_MONEY
P0001301,S011-ST0611,S011,2026-09-07 15:00:00,100,MOBILE_MONEY
P0001302,S011-ST0050,S011,2026-09-03 12:00:00,500,MOBILE_MONEY
P0001303,S011-ST0920,S011,2026-09-14 13:00:00,500,MOBILE_MONEY
P0001304,S011-ST0600,S011,2026-09-15 07:00:00,500,MOBILE_MONEY
P0001305,S011-ST0680,S011,2026-09-16 19:00:00,50,MOBILE_MONEY
P0001306,S011-ST0931,S011,2026-09-14 17:00:00,500,MOBILE_MONEY
P0001307,S011-ST0171,S011,2026-09-08 08:00:00,500,MOBILE_MONEY
P0001308,S011-ST0615,S011,2026-09-14 11:00:00,500,MOBILE_MONEY
P0001309,S011-ST0273,S011,2026-09-20 09:00:00,50,MOBILE_MONEY
P0001310,S011-ST0205,S011,2026-09-07 14:00:00,200,MOBILE_MONEY
P0001311,S011-ST0221,S011,2026-09-13 07:00:00,100,MOBILE_MONEY
P0001312,S011-ST0304,S011,2026-09-07 11:00:00,500,MOBILE_MONEY
P0001313,S011-ST0719,S011,2026-09-15 07:00:00,200,MOBILE_MONEY
P0001314,S011-ST0569,S011,2026-09-07 09:00:00,500,MOBILE_MONEY
P0001315,S011-ST0274,S011,2026-09-19 08:00:00,100,MOBILE_MONEY
P0001316,S011-ST0768,S011,2026-09-15 07:00:00,500,MOBILE_MONEY
P0001317,S011-ST0060,S011,2026-09-02 08:00:00,500,MOBILE_MONEY
P0001318,S011-ST0946,S011,2026-09-11 10:00:00,50,MOBILE_MONEY
P0001319,S011-ST0551,S011,2026-09-12 15:00:00,50,MOBILE_MONEY
P0001320,S011-ST0844,S011,2026-09-10 19:00:00,200,MOBILE_MONEY
P0001321,S012-ST0583,S012,2026-09-11 14:00:00,50,MOBILE_MONEY
P0001322,S012-ST0098,S012,2026-09-01 18:00:00,100,MOBILE_MONEY
P0001323,S012-ST0901,S012,2026-09-01 13:00:00,50,MOBILE_MONEY
P0001324,S012-ST0764,S012,2026-09-02 09:00:00,100,MOBILE_MONEY
P0001325,S012-ST0280,S012,2026-09-05 16:00:00,100,MOBILE_MONEY
P0001326,S012-ST0638,S012,2026-09-02 19:00:00,50,MOBILE_MONEY
P0001327,S012-ST0993,S012,2026-09-09 16:00:00,100,MOBILE_MONEY
P0001328,S012-ST0476,S012,2026-09-15 17:00:00,200,MOBILE_MONEY
P0001329,S012-ST0218,S012,2026-09-10 17:00:00,200,MOBILE_MONEY
P0001330,S012-ST0458,S012,2026-09-04 14:00:00,500,MOBILE_MONEY
P0001331,S012-ST0243,S012,2026-09-16 16:00:00,500,MOBILE_MONEY
P0001332,S012-ST0772,S012,2026-09-09 10:00:00,500,MOBILE_MONEY
P0001333,S012-ST0963,S012,2026-09-06 11:00:00,200,MOBILE_MONEY
P0001334,S012-ST0753,S012,2026-09-07 08:00:00,200,MOBILE_MONEY
P0001335,S012-ST0726,S012,2026-09-11 17:00:00,500,MOBILE_MONEY
P0001336,S012-ST0256,S012,2026-09-13 17:00:00,50,MOBILE_MONEY
P0001337,S012-ST0308,S012,2026-09-17 17:00:00,200,MOBILE_MONEY
P0001338,S012-ST0116,S012,2026-09-06 14:00:00,100,MOBILE_MONEY
P0001339,S012-ST0212,S012,2026-09-01 14:00:00,500,MOBILE_MONEY
P0001340,S012-ST0811,S012,2026-09-11 10:00:00,100,MOBILE_MONEY
P0001341,S012-ST0681,S012,2026-09-16 09:00:00,100,MOBILE_MONEY
P0001342,S012-ST0314,S012,2026-09-11 16:00:00,200,MOBILE_MONEY
P0001343,S012-ST0507,S012,2026-09-01 16:00:00,100,MOBILE_MONEY
P0001344,S012-ST0804,S012,2026-09-13 08:00:00,50,MOBILE_MONEY
P0001345,S012-ST0322,S012,2026-09-14 17:00:00,100,MOBILE_MONEY
P0001346,S012-ST0008,S012,2026-09-15 08:00:00,50,MOBILE_MONEY
P0001347,S012-ST0891,S012,2026-09-08 14:00:00,100,MOBILE_MONEY
P0001348,S012-ST0581,S012,2026-09-15 11:00:00,100,MOBILE_MONEY
P0001349,S012-ST0492,S012,2026-09-13 09:00:00,100,MOBILE_MONEY
P0001350,S012-ST0521,S012,2026-09-16 12:00:00,100,MOBILE_MONEY
P0001351,S012-ST0489,S012,2026-09-14 14:00:00,500,MOBILE_MONEY
P0001352,S012-ST0314,S012,2026-09-02 10:00:00,100,MOBILE_MONEY
P0001353,S012-ST0340,S012,2026-09-05 13:00:00,500,MOBILE_MONEY
P0001354,S012-ST0159,S012,2026-09-17 14:00:00,200,MOBILE_MONEY
P0001355,S012-ST0609,S012,2026-09-10 13:00:00,500,MOBILE_MONEY
P0001356,S012-ST0010,S012,2026-09-02 19:00:00,200,MOBILE_MONEY
P0001357,S012-ST0071,S012,2026-09-20 15:00:00,50,MOBILE_MONEY
P0001358,S012-ST0943,S012,2026-09-10 11:00:00,50,MOBILE_MONEY
P0001359,S012-ST0313,S012,2026-09-11 13:00:00,500,MOBILE_MONEY
P0001360,S012-ST0935,S012,2026-09-09 11:00:00,200,MOBILE_MONEY
P0001361,S012-ST0640,S012,2026-09-10 12:00:00,50,MOBILE_MONEY
P0001362,S012-ST0695,S012,2026-09-18 07:00:00,200,MOBILE_MONEY
P0001363,S012-ST0214,S012,2026-09-20 10:00:00,100,MOBILE_MONEY
P0001364,S012-ST0812,S012,2026-09-20 17:00:00,500,MOBILE_MONEY
P0001365,S012-ST0829,S012,2026-09-09 07:00:00,500,MOBILE_MONEY
P0001366,S012-ST0203,S012,2026-09-20 08:00:00,100,MOBILE_MONEY
P0001367,S012-ST0384,S012,2026-09-16 13:00:00,50,MOBILE_MONEY
P0001368,S012-ST0347,S012,2026-09-14 17:00:00,50,MOBILE_MONEY
P0001369,S012-ST0901,S012,2026-09-16 19:00:00,200,MOBILE_MONEY
P0001370,S012-ST0616,S012,2026-09-15 13:00:00,500,MOBILE_MONEY
P0001371,S012-ST0831,S012,2026-09-03 19:00:00,50,MOBILE_MONEY
P0001372,S012-ST0647,S012,2026-09-16 18:00:00,500,MOBILE_MONEY
P0001373,S012-ST0842,S012,2026-09-16 14:00:00,200,MOBILE_MONEY
P0001374,S012-ST0877,S012,2026-09-01 10:00:00,100,MOBILE_MONEY
P0001375,S012-ST0375,S012,2026-09-03 19:00:00,100,MOBILE_MONEY
P0001376,S012-ST0321,S012,2026-09-11 15:00:00,100,MOBILE_MONEY
P0001377,S012-ST0211,S012,2026-09-04 15:00:00,50,MOBILE_MONEY
P0001378,S012-ST0580,S012,2026-09-06 08:00:00,200,MOBILE_MONEY
P0001379,S012-ST0234,S012,2026-09-15 07:00:00,200,MOBILE_MONEY
P0001380,S012-ST0325,S012,2026-09-02 19:00:00,500,MOBILE_MONEY
P0001381,S012-ST0322,S012,2026-09-03 18:00:00,500,MOBILE_MONEY
P0001382,S012-ST0023,S012,2026-09-02 10:00:00,100,MOBILE_MONEY
P0001383,S012-ST0924,S012,2026-09-03 07:00:00,200,MOBILE_MONEY
P0001384,S012-ST0414,S012,2026-09-10 09:00:00,100,MOBILE_MONEY
P0001385,S012-ST0588,S012,2026-09-08 10:00:00,100,MOBILE_MONEY
P0001386,S012-ST0835,S012,2026-09-04 16:00:00,100,MOBILE_MONEY
P0001387,S012-ST0153,S012,2026-09-02 17:00:00,200,MOBILE_MONEY
P0001388,S012-ST0123,S012,2026-09-10 14:00:00,500,MOBILE_MONEY
P0001389,S012-ST0640,S012,2026-09-14 17:00:00,500,MOBILE_MONEY
P0001390,S012-ST0307,S012,2026-09-11 09:00:00,500,MOBILE_MONEY
P0001391,S012-ST0450,S012,2026-09-18 14:00:00,500,MOBILE_MONEY
P0001392,S012-ST0024,S012,2026-09-19 10:00:00,50,MOBILE_MONEY
P0001393,S012-ST0062,S012,2026-09-19 12:00:00,50,MOBILE_MONEY
P0001394,S012-ST0040,S012,2026-09-18 18:00:00,200,MOBILE_MONEY
P0001395,S012-ST0672,S012,2026-09-14 16:00:00,100,MOBILE_MONEY
P0001396,S012-ST0521,S012,2026-09-14 12:00:00,50,MOBILE_MONEY
P0001397,S012-ST0770,S012,2026-09-14 16:00:00,500,MOBILE_MONEY
P0001398,S012-ST0673,S012,2026-09-04 11:00:00,50,MOBILE_MONEY
P0001399,S012-ST0811,S012,2026-09-02 16:00:00,500,MOBILE_MONEY
P0001400,S012-ST0215,S012,2026-09-16 10:00:00,100,MOBILE_MONEY
P0001401,S012-ST0626,S012,2026-09-10 07:00:00,100,MOBILE_MONEY
P0001402,S012-ST0771,S012,2026-09-15 08:00:00,100,MOBILE_MONEY
P0001403,S012-ST0590,S012,2026-09-02 16:00:00,500,MOBILE_MONEY
P0001404,S012-ST0998,S012,2026-09-10 15:00:00,50,MOBILE_MONEY
P0001405,S012-ST0485,S012,2026-09-01 08:00:00,500,MOBILE_MONEY
P0001406,S012-ST0245,S012,2026-09-09 09:00:00,50,MOBILE_MONEY
P0001407,S012-ST0721,S012,2026-09-06 09:00:00,50,MOBILE_MONEY
P0001408,S012-ST0934,S012,2026-09-20 16:00:00,200,MOBILE_MONEY
P0001409,S012-ST0883,S012,2026-09-10 17:00:00,200,MOBILE_MONEY
P0001410,S012-ST0374,S012,2026-09-17 12:00:00,200,MOBILE_MONEY
P0001411,S012-ST0583,S012,2026-09-04 17:00:00,100,MOBILE_MONEY
P0001412,S012-ST0120,S012,2026-09-12 19:00:00,50,MOBILE_MONEY
P0001413,S012-ST0253,S012,2026-09-01 18:00:00,500,MOBILE_MONEY
P0001414,S012-ST0091,S012,2026-09-08 12:00:00,100,MOBILE_MONEY
P0001415,S012-ST0567,S012,2026-09-19 19:00:00,200,MOBILE_MONEY
P0001416,S012-ST0973,S012,2026-09-01 12:00:00,100,MOBILE_MONEY
P0001417,S012-ST0706,S012,2026-09-12 09:00:00,200,MOBILE_MONEY
P0001418,S012-ST0507,S012,2026-09-05 12:00:00,200,MOBILE_MONEY
P0001419,S012-ST0641,S012,2026-09-12 16:00:00,50,MOBILE_MONEY
P0001420,S012-ST0217,S012,2026-09-04 19:00:00,100,MOBILE_MONEY
P0001421,S012-ST0568,S012,2026-09-08 17:00:00,100,MOBILE_MONEY
P0001422,S012-ST0238,S012,2026-09-16 14:00:00,50,MOBILE_MONEY
P0001423,S012-ST0997,S012,2026-09-09 09:00:00,500,MOBILE_MONEY
P0001424,S012-ST0011,S012,2026-09-05 07:00:00,50,MOBILE_MONEY
P0001425,S012-ST0771,S012,2026-09-17 09:00:00,200,MOBILE_MONEY
P0001426,S012-ST0295,S012,2026-09-04 08:00:00,50,MOBILE_MONEY
P0001427,S012-ST0138,S012,2026-09-07 17:00:00,100,MOBILE_MONEY
P0001428,S012-ST0818,S012,2026-09-02 08:00:00,500,MOBILE_MONEY
P0001429,S012-ST0863,S012,2026-09-16 08:00:00,50,MOBILE_MONEY
P0001430,S012-ST0808,S012,2026-09-20 14:00:00,50,MOBILE_MONEY
P0001431,S012-ST0499,S012,2026-09-01 13:00:00,50,MOBILE_MONEY
P0001432,S012-ST0036,S012,2026-09-09 10:00:00,500,MOBILE_MONEY
P0001433,S012-ST0601,S012,2026-09-19 16:00:00,50,MOBILE_MONEY
P0001434,S012-ST0922,S012,2026-09-13 14:00:00,50,MOBILE_MONEY
P0001435,S012-ST0790,S012,2026-09-07 11:00:00,100,MOBILE_MONEY
P0001436,S012-ST0874,S012,2026-09-01 18:00:00,200,MOBILE_MONEY
P0001437,S012-ST0001,S012,2026-09-05 12:00:00,50,MOBILE_MONEY
P0001438,S012-ST0105,S012,2026-09-04 09:00:00,50,MOBILE_MONEY
P0001439,S012-ST0469,S012,2026-09-14 15:00:00,100,MOBILE_MONEY
P0001440,S012-ST0793,S012,2026-09-11 07:00:00,100,MOBILE_MONEY
