delivery_id,service_date,kitchen_id,school_id,meals_dispatched,meals_received,meals_served,delivery_variance,consumption_variance,receipt_to_consumption_pct
D0901S001,2026-09-01,K01,S001,620,611,601,9,10,98.36
D0901S005,2026-09-01,K01,S005,844,842,837,2,5,99.41
D0901S009,2026-09-01,K01,S009,694,679,664,15,15,97.79
D0901S002,2026-09-01,K02,S002,979,963,943,16,20,97.92
D0901S006,2026-09-01,K02,S006,1029,1015,1000,14,15,98.52
D0901S010,2026-09-01,K02,S010,573,562,533,11,29,94.84
D0901S003,2026-09-01,K03,S003,985,977,970,8,7,99.28
D0901S007,2026-09-01,K03,S007,616,612,596,4,16,97.39
D0901S011,2026-09-01,K03,S011,902,901,879,1,22,97.56
D0901S004,2026-09-01,K04,S004,735,721,711,14,10,98.61
D0901S008,2026-09-01,K04,S008,881,877,852,4,25,97.15
D0901S012,2026-09-01,K04,S012,1037,1026,1020,11,6,99.42
D0902S001,2026-09-02,K01,S001,625,624,613,1,11,98.24
D0902S005,2026-09-02,K01,S005,850,833,828,17,5,99.4
D0902S009,2026-09-02,K01,S009,699,691,682,8,9,98.7
D0902S002,2026-09-02,K02,S002,1080,1077,1077,3,0,100.0
D0902S006,2026-09-02,K02,S006,1135,1129,1103,6,26,97.7
D0902S010,2026-09-02,K02,S010,632,624,594,8,30,95.19
D0902S003,2026-09-02,K03,S003,866,853,819,13,34,96.01
D0902S007,2026-09-02,K03,S007,542,530,523,12,7,98.68
D0902S011,2026-09-02,K03,S011,793,777,744,16,33,95.75
D0902S004,2026-09-02,K04,S004,877,872,848,5,24,97.25
D0902S008,2026-09-02,K04,S008,1051,1035,1019,16,16,98.45
D0902S012,2026-09-02,K04,S012,1237,1231,1228,6,3,99.76
D0903S001,2026-09-03,K01,S001,604,596,579,8,17,97.15
D0903S005,2026-09-03,K01,S005,822,820,802,2,18,97.8
D0903S009,2026-09-03,K01,S009,676,664,652,12,12,98.19
D0903S002,2026-09-03,K02,S002,950,938,930,12,8,99.15
D0903S006,2026-09-03,K02,S006,999,983,957,16,26,97.36
D0903S010,2026-09-03,K02,S010,556,549,541,7,8,98.54
D0903S003,2026-09-03,K03,S003,990,989,956,1,33,96.66
D0903S007,2026-09-03,K03,S007,620,615,590,5,25,95.93
D0903S011,2026-09-03,K03,S011,906,893,864,13,29,96.75
D0903S004,2026-09-03,K04,S004,855,849,816,6,33,96.11
D0903S008,2026-09-03,K04,S008,1025,1009,983,16,26,97.42
D0903S012,2026-09-03,K04,S012,1207,1202,1170,5,32,97.34
D0904S001,2026-09-04,K01,S001,615,601,575,14,26,95.67
D0904S005,2026-09-04,K01,S005,837,834,810,3,24,97.12
D0904S009,2026-09-04,K01,S009,688,674,671,14,3,99.55
D0904S002,2026-09-04,K02,S002,1000,989,981,11,8,99.19
D0904S006,2026-09-04,K02,S006,1051,1043,1026,8,17,98.37
D0904S010,2026-09-04,K02,S010,585,573,550,12,23,95.99
D0904S003,2026-09-04,K03,S003,979,970,938,9,32,96.7
D0904S007,2026-09-04,K03,S007,613,603,570,10,33,94.53
D0904S011,2026-09-04,K03,S011,896,896,867,0,29,96.76
D0904S004,2026-09-04,K04,S004,720,708,689,12,19,97.32
D0904S008,2026-09-04,K04,S008,863,852,834,11,18,97.89
D0904S012,2026-09-04,K04,S012,1016,1008,987,8,21,97.92
D0905S001,2026-09-05,K01,S001,557,547,529,10,18,96.71
D0905S005,2026-09-05,K01,S005,758,747,727,11,20,97.32
D0905S009,2026-09-05,K01,S009,623,613,604,10,9,98.53
D0905S002,2026-09-05,K02,S002,1010,1005,982,5,23,97.71
D0905S006,2026-09-05,K02,S006,1062,1052,1047,10,5,99.52
D0905S010,2026-09-05,K02,S010,591,591,584,0,7,98.82
D0905S003,2026-09-05,K03,S003,968,964,947,4,17,98.24
D0905S007,2026-09-05,K03,S007,606,599,582,7,17,97.16
D0905S011,2026-09-05,K03,S011,886,869,843,17,26,97.01
D0905S004,2026-09-05,K04,S004,779,778,770,1,8,98.97
D0905S008,2026-09-05,K04,S008,933,918,897,15,21,97.71
D0905S012,2026-09-05,K04,S012,1099,1094,1080,5,14,98.72
D0906S001,2026-09-06,K01,S001,556,554,535,2,19,96.57
D0906S005,2026-09-06,K01,S005,756,746,740,10,6,99.2
D0906S009,2026-09-06,K01,S009,622,613,586,9,27,95.6
D0906S002,2026-09-06,K02,S002,1056,1049,1022,7,27,97.43
D0906S006,2026-09-06,K02,S006,1110,1103,1082,7,21,98.1
D0906S010,2026-09-06,K02,S010,618,604,577,14,27,95.53
D0906S003,2026-09-06,K03,S003,867,866,854,1,12,98.61
D0906S007,2026-09-06,K03,S007,543,542,514,1,28,94.83
D0906S011,2026-09-06,K03,S011,794,781,769,13,12,98.46
D0906S004,2026-09-06,K04,S004,803,801,773,2,28,96.5
D0906S008,2026-09-06,K04,S008,962,946,946,16,0,100.0
D0906S012,2026-09-06,K04,S012,1132,1123,1100,9,23,97.95
D0907S001,2026-09-07,K01,S001,545,537,536,8,1,99.81
D0907S005,2026-09-07,K01,S005,742,734,711,8,23,96.87
D0907S009,2026-09-07,K01,S009,610,608,587,2,21,96.55
D0907S002,2026-09-07,K02,S002,952,941,929,11,12,98.72
D0907S006,2026-09-07,K02,S006,1001,991,963,10,28,97.17
D0907S010,2026-09-07,K02,S010,557,551,542,6,9,98.37
D0907S003,2026-09-07,K03,S003,854,848,847,6,1,99.88
D0907S007,2026-09-07,K03,S007,535,518,516,17,2,99.61
D0907S011,2026-09-07,K03,S011,782,776,744,6,32,95.88
D0907S004,2026-09-07,K04,S004,851,847,818,4,29,96.58
D0907S008,2026-09-07,K04,S008,1020,1007,986,13,21,97.91
D0907S012,2026-09-07,K04,S012,1201,1184,1173,17,11,99.07
D0908S001,2026-09-08,K01,S001,591,577,545,14,32,94.45
D0908S005,2026-09-08,K01,S005,805,797,774,8,23,97.11
D0908S009,2026-09-08,K01,S009,662,649,624,13,25,96.15
D0908S002,2026-09-08,K02,S002,911,895,870,16,25,97.21
D0908S006,2026-09-08,K02,S006,958,956,937,2,19,98.01
D0908S010,2026-09-08,K02,S010,533,525,519,8,6,98.86
D0908S003,2026-09-08,K03,S003,905,891,875,14,16,98.2
D0908S007,2026-09-08,K03,S007,566,556,552,10,4,99.28
D0908S011,2026-09-08,K03,S011,828,819,811,9,8,99.02
D0908S004,2026-09-08,K04,S004,829,816,810,13,6,99.26
D0908S008,2026-09-08,K04,S008,994,986,984,8,2,99.8
D0908S012,2026-09-08,K04,S012,1170,1158,1150,12,8,99.31
D0909S001,2026-09-09,K01,S001,561,559,545,2,14,97.5
D0909S005,2026-09-09,K01,S005,764,754,730,10,24,96.82
D0909S009,2026-09-09,K01,S009,628,627,618,1,9,98.56
D0909S002,2026-09-09,K02,S002,938,931,910,7,21,97.74
D0909S006,2026-09-09,K02,S006,986,972,971,14,1,99.9
D0909S010,2026-09-09,K02,S010,549,549,546,0,3,99.45
D0909S003,2026-09-09,K03,S003,900,889,862,11,27,96.96
D0909S007,2026-09-09,K03,S007,564,562,537,2,25,95.55
D0909S011,2026-09-09,K03,S011,824,812,794,12,18,97.78
D0909S004,2026-09-09,K04,S004,778,775,761,3,14,98.19
D0909S008,2026-09-09,K04,S008,932,927,901,5,26,97.2
D0909S012,2026-09-09,K04,S012,1097,1081,1080,16,1,99.91
D0910S001,2026-09-10,K01,S001,589,578,549,11,29,94.98
D0910S005,2026-09-10,K01,S005,802,792,762,10,30,96.21
D0910S009,2026-09-10,K01,S009,659,654,646,5,8,98.78
D0910S002,2026-09-10,K02,S002,1038,1030,1001,8,29,97.18
D0910S006,2026-09-10,K02,S006,1091,1083,1054,8,29,97.32
D0910S010,2026-09-10,K02,S010,607,593,591,14,2,99.66
D0910S003,2026-09-10,K03,S003,841,829,799,12,30,96.38
D0910S007,2026-09-10,K03,S007,526,518,493,8,25,95.17
D0910S011,2026-09-10,K03,S011,770,763,738,7,25,96.72
D0910S004,2026-09-10,K04,S004,834,826,826,8,0,100.0
D0910S008,2026-09-10,K04,S008,1000,986,983,14,3,99.7
D0910S012,2026-09-10,K04,S012,1177,1173,1163,4,10,99.15
D0911S001,2026-09-11,K01,S001,569,554,529,15,25,95.49
D0911S005,2026-09-11,K01,S005,774,767,747,7,20,97.39
D0911S009,2026-09-11,K01,S009,636,631,623,5,8,98.73
D0911S002,2026-09-11,K02,S002,1021,1005,978,16,27,97.31
D0911S006,2026-09-11,K02,S006,1074,1065,1041,9,24,97.75
D0911S010,2026-09-11,K02,S010,598,596,591,2,5,99.16
D0911S003,2026-09-11,K03,S003,926,915,908,11,7,99.23
D0911S007,2026-09-11,K03,S007,580,568,547,12,21,96.3
D0911S011,2026-09-11,K03,S011,848,846,813,2,33,96.1
D0911S004,2026-09-11,K04,S004,800,787,756,13,31,96.06
D0911S008,2026-09-11,K04,S008,959,943,926,16,17,98.2
D0911S012,2026-09-11,K04,S012,1129,1116,1114,13,2,99.82
D0912S001,2026-09-12,K01,S001,546,529,526,17,3,99.43
D0912S005,2026-09-12,K01,S005,743,739,739,4,0,100.0
D0912S009,2026-09-12,K01,S009,611,607,605,4,2,99.67
D0912S002,2026-09-12,K02,S002,967,961,934,6,27,97.19
D0912S006,2026-09-12,K02,S006,1016,1011,997,5,14,98.62
D0912S010,2026-09-12,K02,S010,566,552,549,14,3,99.46
D0912S003,2026-09-12,K03,S003,1024,1021,1010,3,11,98.92
D0912S007,2026-09-12,K03,S007,641,624,604,17,20,96.79
D0912S011,2026-09-12,K03,S011,938,927,908,11,19,97.95
D0912S004,2026-09-12,K04,S004,779,775,750,4,25,96.77
D0912S008,2026-09-12,K04,S008,933,916,891,17,25,97.27
D0912S012,2026-09-12,K04,S012,1099,1083,1055,16,28,97.41
D0913S001,2026-09-13,K01,S001,557,552,544,5,8,98.55
D0913S005,2026-09-13,K01,S005,758,751,736,7,15,98.0
D0913S009,2026-09-13,K01,S009,623,606,602,17,4,99.34
D0913S002,2026-09-13,K02,S002,1120,1107,1093,13,14,98.74
D0913S006,2026-09-13,K02,S006,1177,1162,1133,15,29,97.5
D0913S010,2026-09-13,K02,S010,655,639,638,16,1,99.84
D0913S003,2026-09-13,K03,S003,954,946,914,8,32,96.62
D0913S007,2026-09-13,K03,S007,597,592,577,5,15,97.47
D0913S011,2026-09-13,K03,S011,873,873,858,0,15,98.28
D0913S004,2026-09-13,K04,S004,837,831,799,6,32,96.15
D0913S008,2026-09-13,K04,S008,1003,988,957,15,31,96.86
D0913S012,2026-09-13,K04,S012,1181,1180,1147,1,33,97.2
D0914S001,2026-09-14,K01,S001,603,603,571,0,32,94.69
D0914S005,2026-09-14,K01,S005,820,804,790,16,14,98.26
D0914S009,2026-09-14,K01,S009,674,657,641,17,16,97.56
D0914S002,2026-09-14,K02,S002,919,905,885,14,20,97.79
D0914S006,2026-09-14,K02,S006,966,950,944,16,6,99.37
D0914S010,2026-09-14,K02,S010,538,536,506,2,30,94.4
D0914S003,2026-09-14,K03,S003,863,851,835,12,16,98.12
D0914S007,2026-09-14,K03,S007,540,525,525,15,0,100.0
D0914S011,2026-09-14,K03,S011,790,790,771,0,19,97.59
D0914S004,2026-09-14,K04,S004,744,731,719,13,12,98.36
D0914S008,2026-09-14,K04,S008,891,886,860,5,26,97.07
D0914S012,2026-09-14,K04,S012,1049,1032,998,17,34,96.71
D0915S001,2026-09-15,K01,S001,583,567,556,16,11,98.06
D0915S005,2026-09-15,K01,S005,793,793,770,0,23,97.1
D0915S009,2026-09-15,K01,S009,652,649,621,3,28,95.69
D0915S002,2026-09-15,K02,S002,921,909,899,12,10,98.9
D0915S006,2026-09-15,K02,S006,968,951,949,17,2,99.79
D0915S010,2026-09-15,K02,S010,539,537,525,2,12,97.77
D0915S003,2026-09-15,K03,S003,965,952,947,13,5,99.47
D0915S007,2026-09-15,K03,S007,604,594,590,10,4,99.33
D0915S011,2026-09-15,K03,S011,884,877,860,7,17,98.06
D0915S004,2026-09-15,K04,S004,823,811,791,12,20,97.53
D0915S008,2026-09-15,K04,S008,987,986,963,1,23,97.67
D0915S012,2026-09-15,K04,S012,1162,1149,1141,13,8,99.3
D0916S001,2026-09-16,K01,S001,546,536,528,10,8,98.51
D0916S005,2026-09-16,K01,S005,744,728,721,16,7,99.04
D0916S009,2026-09-16,K01,S009,611,610,596,1,14,97.7
D0916S002,2026-09-16,K02,S002,963,955,949,8,6,99.37
D0916S006,2026-09-16,K02,S006,1013,1004,981,9,23,97.71
D0916S010,2026-09-16,K02,S010,564,553,548,11,5,99.1
D0916S003,2026-09-16,K03,S003,1007,990,990,17,0,100.0
D0916S007,2026-09-16,K03,S007,630,614,607,16,7,98.86
D0916S011,2026-09-16,K03,S011,922,914,905,8,9,99.02
D0916S004,2026-09-16,K04,S004,776,765,748,11,17,97.78
D0916S008,2026-09-16,K04,S008,930,915,886,15,29,96.83
D0916S012,2026-09-16,K04,S012,1095,1094,1091,1,3,99.73
D0917S001,2026-09-17,K01,S001,565,565,538,0,27,95.22
D0917S005,2026-09-17,K01,S005,769,752,727,17,25,96.68
D0917S009,2026-09-17,K01,S009,632,630,622,2,8,98.73
D0917S002,2026-09-17,K02,S002,1080,1066,1049,14,17,98.41
D0917S006,2026-09-17,K02,S006,1135,1128,1124,7,4,99.65
D0917S010,2026-09-17,K02,S010,632,624,621,8,3,99.52
D0917S003,2026-09-17,K03,S003,1014,1003,987,11,16,98.4
D0917S007,2026-09-17,K03,S007,635,634,627,1,7,98.9
D0917S011,2026-09-17,K03,S011,929,924,893,5,31,96.65
D0917S004,2026-09-17,K04,S004,859,855,825,4,30,96.49
D0917S008,2026-09-17,K04,S008,1029,1023,1015,6,8,99.22
D0917S012,2026-09-17,K04,S012,1212,1203,1191,9,12,99.0
D0918S001,2026-09-18,K01,S001,618,605,575,13,30,95.04
D0918S005,2026-09-18,K01,S005,841,831,819,10,12,98.56
D0918S009,2026-09-18,K01,S009,692,687,660,5,27,96.07
D0918S002,2026-09-18,K02,S002,964,957,950,7,7,99.27
D0918S006,2026-09-18,K02,S006,1013,1011,1007,2,4,99.6
D0918S010,2026-09-18,K02,S010,564,553,521,11,32,94.21
D0918S003,2026-09-18,K03,S003,966,957,941,9,16,98.33
D0918S007,2026-09-18,K03,S007,605,601,594,4,7,98.84
D0918S011,2026-09-18,K03,S011,884,880,870,4,10,98.86
D0918S004,2026-09-18,K04,S004,808,794,761,14,33,95.84
D0918S008,2026-09-18,K04,S008,968,951,941,17,10,98.95
D0918S012,2026-09-18,K04,S012,1140,1139,1114,1,25,97.81
D0919S001,2026-09-19,K01,S001,537,531,524,6,7,98.68
D0919S005,2026-09-19,K01,S005,730,728,703,2,25,96.57
D0919S009,2026-09-19,K01,S009,600,597,567,3,30,94.97
D0919S002,2026-09-19,K02,S002,990,988,961,2,27,97.27
D0919S006,2026-09-19,K02,S006,1041,1025,997,16,28,97.27
D0919S010,2026-09-19,K02,S010,579,563,558,16,5,99.11
D0919S003,2026-09-19,K03,S003,846,836,834,10,2,99.76
D0919S007,2026-09-19,K03,S007,529,527,518,2,9,98.29
D0919S011,2026-09-19,K03,S011,774,766,765,8,1,99.87
D0919S004,2026-09-19,K04,S004,702,702,701,0,1,99.86
D0919S008,2026-09-19,K04,S008,841,838,808,3,30,96.42
D0919S012,2026-09-19,K04,S012,990,987,969,3,18,98.18
D0920S001,2026-09-20,K01,S001,532,523,503,9,20,96.18
D0920S005,2026-09-20,K01,S005,724,712,703,12,9,98.74
D0920S009,2026-09-20,K01,S009,595,581,549,14,32,94.49
D0920S002,2026-09-20,K02,S002,951,942,940,9,2,99.79
D0920S006,2026-09-20,K02,S006,1000,987,983,13,4,99.59
D0920S010,2026-09-20,K02,S010,557,542,523,15,19,96.49
D0920S003,2026-09-20,K03,S003,995,987,957,8,30,96.96
D0920S007,2026-09-20,K03,S007,623,620,586,3,34,94.52
D0920S011,2026-09-20,K03,S011,911,895,887,16,8,99.11
D0920S004,2026-09-20,K04,S004,742,732,732,10,0,100.0
D0920S008,2026-09-20,K04,S008,889,872,842,17,30,96.56
D0920S012,2026-09-20,K04,S012,1047,1040,1029,7,11,98.94
